trajectory_id,time_step,S,I,R
0,0,89,5,0
0,1,86,8,0
0,2,82,12,0
0,3,79,15,0
0,4,73,19,2
0,5,69,22,3
0,6,60,26,8
0,7,52,31,11
0,8,49,27,18
0,9,46,28,20
0,10,38,34,22
0,11,34,38,22
0,12,29,42,23
0,13,25,43,26
0,14,20,40,34
0,15,18,36,40
0,16,14,40,40
0,17,9,44,41
0,18,5,43,46
0,19,5,39,50
0,20,5,35,54
0,21,5,34,55
0,22,5,30,59
0,23,5,28,61
0,24,5,26,63
0,25,5,19,70
0,26,4,17,73
0,27,3,16,75
0,28,3,14,77
0,29,3,11,80
0,30,1,12,81
0,31,1,12,81
0,32,1,11,82
0,33,1,11,82
0,34,1,10,83
0,35,1,8,85
0,36,0,9,85
0,37,0,9,85
0,38,0,9,85
0,39,0,8,86
0,40,0,7,87
0,41,0,6,88
0,42,0,6,88
0,43,0,6,88
0,44,0,6,88
0,45,0,6,88
0,46,0,6,88
0,47,0,4,90
0,48,0,4,90
0,49,0,4,90
0,50,0,3,91
0,51,0,3,91
0,52,0,3,91
0,53,0,3,91
0,54,0,2,92
0,55,0,1,93
0,56,0,1,93
0,57,0,1,93
0,58,0,1,93
0,59,0,1,93
0,60,0,1,93
1,0,70,3,0
1,1,69,4,0
1,2,67,6,0
1,3,64,8,1
1,4,63,8,2
1,5,62,8,3
1,6,59,10,4
1,7,55,11,7
1,8,51,14,8
1,9,46,18,9
1,10,40,22,11
1,11,36,24,13
1,12,30,29,14
1,13,22,32,19
1,14,15,36,22
1,15,9,42,22
1,16,7,41,25
1,17,7,36,30
1,18,6,33,34
1,19,5,31,37
1,20,5,29,39
1,21,3,27,43
1,22,2,27,44
1,23,2,23,48
1,24,1,21,51
1,25,1,18,54
1,26,1,17,55
1,27,1,14,58
1,28,1,14,58
1,29,1,13,59
1,30,1,13,59
1,31,1,12,60
1,32,1,11,61
1,33,1,11,61
1,34,1,11,61
1,35,1,9,63
1,36,1,9,63
1,37,1,9,63
1,38,1,8,64
1,39,1,7,65
1,40,1,7,65
1,41,1,7,65
1,42,0,8,65
1,43,0,8,65
1,44,0,8,65
1,45,0,7,66
1,46,0,5,68
1,47,0,3,70
1,48,0,3,70
1,49,0,3,70
1,50,0,3,70
1,51,0,3,70
1,52,0,3,70
1,53,0,3,70
1,54,0,3,70
1,55,0,3,70
1,56,0,3,70
1,57,0,2,71
1,58,0,2,71
1,59,0,1,72
1,60,0,1,72
2,0,97,4,0
2,1,95,6,0
2,2,91,10,0
2,3,88,12,1
2,4,83,17,1
2,5,76,21,4
2,6,66,28,7
2,7,58,32,11
2,8,48,39,14
2,9,38,47,16
2,10,34,46,21
2,11,31,42,28
2,12,26,45,30
2,13,24,42,35
2,14,18,44,39
2,15,16,43,42
2,16,12,40,49
2,17,8,38,55
2,18,8,37,56
2,19,8,29,64
2,20,7,26,68
2,21,6,26,69
2,22,6,23,72
2,23,5,22,74
2,24,3,22,76
2,25,3,20,78
2,26,3,16,82
2,27,2,17,82
2,28,1,14,86
2,29,1,14,86
2,30,1,13,87
2,31,1,9,91
2,32,1,8,92
2,33,1,6,94
2,34,1,4,96
2,35,1,4,96
2,36,1,3,97
2,37,1,3,97
2,38,1,3,97
2,39,1,2,98
2,40,1,2,98
2,41,1,2,98
2,42,1,2,98
2,43,1,2,98
2,44,1,2,98
2,45,1,1,99
2,46,1,1,99
2,47,1,1,99
2,48,1,1,99
2,49,1,1,99
2,50,1,1,99
2,51,1,0,100
2,52,1,0,100
2,53,1,0,100
2,54,1,0,100
2,55,1,0,100
2,56,1,0,100
2,57,1,0,100
2,58,1,0,100
2,59,1,0,100
2,60,1,0,100
3,0,97,2,0
3,1,96,3,0
3,2,93,5,1
3,3,92,6,1
3,4,90,8,1
3,5,89,8,2
3,6,85,9,5
3,7,84,7,8
3,8,82,9,8
3,9,79,11,9
3,10,74,13,12
3,11,71,15,13
3,12,67,17,15
3,13,63,19,17
3,14,60,20,19
3,15,55,23,21
3,16,47,27,25
3,17,43,29,27
3,18,38,29,32
3,19,31,33,35
3,20,25,33,41
3,21,23,32,44
3,22,22,30,47
3,23,20,31,48
3,24,19,30,50
3,25,15,33,51
3,26,14,32,53
3,27,10,31,58
3,28,7,33,59
3,29,7,31,61
3,30,6,30,63
3,31,6,26,67
3,32,6,23,70
3,33,4,23,72
3,34,3,19,77
3,35,3,18,78
3,36,3,18,78
3,37,2,15,82
3,38,2,13,84
3,39,2,13,84
3,40,2,13,84
3,41,2,12,85
3,42,2,11,86
3,43,2,11,86
3,44,2,9,88
3,45,1,9,89
3,46,1,9,89
3,47,1,8,90
3,48,1,7,91
3,49,1,6,92
3,50,1,4,94
3,51,1,3,95
3,52,1,3,95
3,53,1,3,95
3,54,1,2,96
3,55,1,2,96
3,56,1,1,97
3,57,1,1,97
3,58,1,0,98
3,59,1,0,98
3,60,1,0,98
4,0,96,2,0
4,1,95,2,1
4,2,94,3,1
4,3,92,4,2
4,4,91,3,4
4,5,88,6,4
4,6,85,7,6
4,7,80,12,6
4,8,75,16,7
4,9,69,20,9
4,10,61,27,10
4,11,51,34,13
4,12,46,34,18
4,13,37,40,21
4,14,28,46,24
4,15,23,46,29
4,16,16,52,30
4,17,12,52,34
4,18,10,47,41
4,19,8,42,48
4,20,4,43,51
4,21,2,38,58
4,22,2,33,63
4,23,2,27,69
4,24,2,26,70
4,25,1,26,71
4,26,1,25,72
4,27,1,21,76
4,28,1,19,78
4,29,1,17,80
4,30,1,16,81
4,31,1,14,83
4,32,1,14,83
4,33,1,12,85
4,34,1,10,87
4,35,1,10,87
4,36,1,10,87
4,37,1,8,89
4,38,1,8,89
4,39,1,8,89
4,40,1,8,89
4,41,1,8,89
4,42,1,7,90
4,43,1,6,91
4,44,1,5,92
4,45,1,5,92
4,46,1,4,93
4,47,1,4,93
4,48,1,4,93
4,49,1,4,93
4,50,1,4,93
4,51,1,4,93
4,52,1,3,94
4,53,1,3,94
4,54,1,3,94
4,55,1,2,95
4,56,0,3,95
4,57,0,2,96
4,58,0,2,96
4,59,0,2,96
4,60,0,1,97
5,0,100,2,0
5,1,99,3,0
5,2,97,5,0
5,3,96,6,0
5,4,95,6,1
5,5,91,9,2
5,6,88,11,3
5,7,80,17,5
5,8,74,22,6
5,9,65,28,9
5,10,60,32,10
5,11,53,37,12
5,12,41,45,16
5,13,28,57,17
5,14,23,54,25
5,15,19,51,32
5,16,15,51,36
5,17,15,44,43
5,18,11,43,48
5,19,11,40,51
5,20,11,31,60
5,21,10,28,64
5,22,9,28,65
5,23,7,28,67
5,24,7,25,70
5,25,6,26,70
5,26,6,20,76
5,27,5,21,76
5,28,5,17,80
5,29,5,15,82
5,30,5,14,83
5,31,5,12,85
5,32,5,10,87
5,33,5,9,88
5,34,5,8,89
5,35,4,9,89
5,36,4,8,90
5,37,4,8,90
5,38,4,6,92
5,39,3,5,94
5,40,3,4,95
5,41,2,5,95
5,42,2,5,95
5,43,2,5,95
5,44,2,4,96
5,45,2,4,96
5,46,2,4,96
5,47,2,4,96
5,48,2,4,96
5,49,2,4,96
5,50,2,4,96
5,51,2,4,96
5,52,2,4,96
5,53,2,4,96
5,54,2,2,98
5,55,2,1,99
5,56,2,1,99
5,57,2,1,99
5,58,2,1,99
5,59,2,1,99
5,60,2,1,99
6,0,92,5,0
6,1,91,6,0
6,2,87,9,1
6,3,85,11,1
6,4,79,16,2
6,5,73,20,4
6,6,61,28,8
6,7,53,35,9
6,8,48,36,13
6,9,38,44,15
6,10,29,49,19
6,11,18,52,27
6,12,16,48,33
6,13,11,50,36
6,14,9,46,42
6,15,6,41,50
6,16,4,35,58
6,17,2,36,59
6,18,1,35,61
6,19,1,31,65
6,20,1,28,68
6,21,1,27,69
6,22,0,26,71
6,23,0,20,77
6,24,0,20,77
6,25,0,19,78
6,26,0,18,79
6,27,0,17,80
6,28,0,10,87
6,29,0,10,87
6,30,0,8,89
6,31,0,7,90
6,32,0,6,91
6,33,0,6,91
6,34,0,6,91
6,35,0,6,91
6,36,0,5,92
6,37,0,5,92
6,38,0,4,93
6,39,0,4,93
6,40,0,3,94
6,41,0,3,94
6,42,0,3,94
6,43,0,2,95
6,44,0,2,95
6,45,0,2,95
6,46,0,2,95
6,47,0,2,95
6,48,0,2,95
6,49,0,2,95
6,50,0,2,95
6,51,0,2,95
6,52,0,2,95
6,53,0,1,96
6,54,0,1,96
6,55,0,1,96
6,56,0,1,96
6,57,0,1,96
6,58,0,1,96
6,59,0,1,96
6,60,0,1,96
7,0,56,3,0
7,1,53,5,1
7,2,50,8,1
7,3,48,8,3
7,4,42,14,3
7,5,36,17,6
7,6,30,20,9
7,7,26,22,11
7,8,20,25,14
7,9,17,27,15
7,10,14,27,18
7,11,11,29,19
7,12,10,28,21
7,13,4,32,23
7,14,3,31,25
7,15,3,31,25
7,16,3,30,26
7,17,3,23,33
7,18,3,22,34
7,19,3,19,37
7,20,1,21,37
7,21,1,19,39
7,22,0,16,43
7,23,0,16,43
7,24,0,15,44
7,25,0,13,46
7,26,0,13,46
7,27,0,11,48
7,28,0,11,48
7,29,0,9,50
7,30,0,9,50
7,31,0,9,50
7,32,0,7,52
7,33,0,7,52
7,34,0,7,52
7,35,0,6,53
7,36,0,6,53
7,37,0,3,56
7,38,0,3,56
7,39,0,3,56
7,40,0,3,56
7,41,0,3,56
7,42,0,3,56
7,43,0,3,56
7,44,0,3,56
7,45,0,3,56
7,46,0,3,56
7,47,0,2,57
7,48,0,2,57
7,49,0,2,57
7,50,0,2,57
7,51,0,2,57
7,52,0,2,57
7,53,0,2,57
7,54,0,2,57
7,55,0,1,58
7,56,0,1,58
7,57,0,1,58
7,58,0,1,58
7,59,0,1,58
7,60,0,1,58
8,0,54,3,0
8,1,54,3,0
8,2,54,3,0
8,3,54,3,0
8,4,53,3,1
8,5,52,3,2
8,6,51,4,2
8,7,51,4,2
8,8,51,3,3
8,9,49,5,3
8,10,47,6,4
8,11,44,9,4
8,12,41,10,6
8,13,39,12,6
8,14,34,16,7
8,15,30,19,8
8,16,21,26,10
8,17,18,25,14
8,18,13,26,18
8,19,10,26,21
8,20,9,25,23
8,21,6,26,25
8,22,3,26,28
8,23,3,22,32
8,24,2,20,35
8,25,2,17,38
8,26,1,18,38
8,27,1,16,40
8,28,0,14,43
8,29,0,13,44
8,30,0,12,45
8,31,0,12,45
8,32,0,12,45
8,33,0,12,45
8,34,0,10,47
8,35,0,9,48
8,36,0,9,48
8,37,0,9,48
8,38,0,9,48
8,39,0,8,49
8,40,0,7,50
8,41,0,7,50
8,42,0,7,50
8,43,0,7,50
8,44,0,7,50
8,45,0,7,50
8,46,0,5,52
8,47,0,3,54
8,48,0,2,55
8,49,0,2,55
8,50,0,2,55
8,51,0,2,55
8,52,0,2,55
8,53,0,2,55
8,54,0,1,56
8,55,0,1,56
8,56,0,1,56
8,57,0,1,56
8,58,0,1,56
8,59,0,0,57
8,60,0,0,57
9,0,90,1,0
9,1,90,1,0
9,2,89,2,0
9,3,89,2,0
9,4,89,1,1
9,5,89,1,1
9,6,87,3,1
9,7,87,3,1
9,8,86,3,2
9,9,85,3,3
9,10,83,4,4
9,11,80,7,4
9,12,80,5,6
9,13,79,5,7
9,14,78,6,7
9,15,77,6,8
9,16,75,7,9
9,17,72,10,9
9,18,65,16,10
9,19,56,24,11
9,20,50,28,13
9,21,48,29,14
9,22,41,35,15
9,23,33,42,16
9,24,29,37,25
9,25,21,41,29
9,26,15,44,32
9,27,14,42,35
9,28,13,38,40
9,29,10,36,45
9,30,9,33,49
9,31,7,31,53
9,32,6,31,54
9,33,5,23,63
9,34,5,20,66
9,35,2,22,67
9,36,2,18,71
9,37,2,15,74
9,38,2,13,76
9,39,2,10,79
9,40,2,10,79
9,41,2,9,80
9,42,2,8,81
9,43,1,8,82
9,44,1,8,82
9,45,1,6,84
9,46,1,6,84
9,47,1,5,85
9,48,1,5,85
9,49,1,2,88
9,50,1,2,88
9,51,1,2,88
9,52,1,1,89
9,53,1,1,89
9,54,1,1,89
9,55,1,1,89
9,56,1,1,89
9,57,1,1,89
9,58,1,1,89
9,59,1,1,89
9,60,1,1,89
10,0,97,1,0
10,1,97,1,0
10,2,97,1,0
10,3,97,1,0
10,4,96,2,0
10,5,96,2,0
10,6,96,2,0
10,7,95,3,0
10,8,94,4,0
10,9,92,6,0
10,10,90,8,0
10,11,84,12,2
10,12,76,19,3
10,13,72,22,4
10,14,67,25,6
10,15,60,31,7
10,16,47,43,8
10,17,36,52,10
10,18,25,56,17
10,19,19,59,20
10,20,12,59,27
10,21,11,56,31
10,22,8,57,33
10,23,5,54,39
10,24,5,50,43
10,25,4,43,51
10,26,3,40,55
10,27,3,37,58
10,28,3,33,62
10,29,3,29,66
10,30,3,27,68
10,31,2,25,71
10,32,2,24,72
10,33,1,23,74
10,34,1,21,76
10,35,1,19,78
10,36,1,16,81
10,37,1,16,81
10,38,0,16,82
10,39,0,15,83
10,40,0,13,85
10,41,0,10,88
10,42,0,10,88
10,43,0,9,89
10,44,0,8,90
10,45,0,7,91
10,46,0,6,92
10,47,0,6,92
10,48,0,6,92
10,49,0,5,93
10,50,0,4,94
10,51,0,4,94
10,52,0,4,94
10,53,0,4,94
10,54,0,4,94
10,55,0,3,95
10,56,0,3,95
10,57,0,3,95
10,58,0,2,96
10,59,0,2,96
10,60,0,2,96
11,0,95,5,0
11,1,94,5,1
11,2,94,4,2
11,3,94,4,2
11,4,92,6,2
11,5,88,10,2
11,6,84,13,3
11,7,81,16,3
11,8,75,20,5
11,9,69,25,6
11,10,62,31,7
11,11,54,38,8
11,12,40,47,13
11,13,30,53,17
11,14,27,50,23
11,15,20,53,27
11,16,13,55,32
11,17,12,52,36
11,18,10,47,43
11,19,8,48,44
11,20,7,47,46
11,21,7,43,50
11,22,7,38,55
11,23,7,35,58
11,24,7,33,60
11,25,6,32,62
11,26,5,30,65
11,27,4,29,67
11,28,3,26,71
11,29,3,22,75
11,30,3,20,77
11,31,3,18,79
11,32,1,16,83
11,33,1,14,85
11,34,1,12,87
11,35,1,11,88
11,36,1,10,89
11,37,1,9,90
11,38,1,9,90
11,39,1,8,91
11,40,1,8,91
11,41,1,7,92
11,42,1,7,92
11,43,1,7,92
11,44,1,7,92
11,45,1,6,93
11,46,1,6,93
11,47,1,5,94
11,48,1,4,95
11,49,1,3,96
11,50,1,3,96
11,51,1,3,96
11,52,1,3,96
11,53,1,3,96
11,54,1,3,96
11,55,1,3,96
11,56,1,2,97
11,57,1,2,97
11,58,1,2,97
11,59,1,1,98
11,60,1,1,98
12,0,60,2,0
12,1,58,4,0
12,2,57,4,1
12,3,54,6,2
12,4,51,7,4
12,5,48,7,7
12,6,44,10,8
12,7,42,10,10
12,8,40,12,10
12,9,36,15,11
12,10,32,17,13
12,11,26,21,15
12,12,20,26,16
12,13,18,22,22
12,14,17,22,23
12,15,17,21,24
12,16,17,17,28
12,17,13,20,29
12,18,9,23,30
12,19,9,20,33
12,20,7,21,34
12,21,7,18,37
12,22,7,15,40
12,23,5,16,41
12,24,5,15,42
12,25,5,13,44
12,26,4,12,46
12,27,4,11,47
12,28,3,12,47
12,29,2,11,49
12,30,2,11,49
12,31,2,11,49
12,32,1,11,50
12,33,1,11,50
12,34,1,9,52
12,35,1,7,54
12,36,1,7,54
12,37,1,6,55
12,38,1,6,55
12,39,1,6,55
12,40,1,5,56
12,41,1,5,56
12,42,1,5,56
12,43,1,3,58
12,44,1,1,60
12,45,1,0,61
12,46,1,0,61
12,47,1,0,61
12,48,1,0,61
12,49,1,0,61
12,50,1,0,61
12,51,1,0,61
12,52,1,0,61
12,53,1,0,61
12,54,1,0,61
12,55,1,0,61
12,56,1,0,61
12,57,1,0,61
12,58,1,0,61
12,59,1,0,61
12,60,1,0,61
13,0,52,5,0
13,1,49,6,2
13,2,45,10,2
13,3,40,15,2
13,4,36,18,3
13,5,30,23,4
13,6,24,26,7
13,7,19,31,7
13,8,14,33,10
13,9,14,27,16
13,10,12,24,21
13,11,10,25,22
13,12,9,25,23
13,13,8,24,25
13,14,6,25,26
13,15,5,24,28
13,16,4,25,28
13,17,4,22,31
13,18,4,19,34
13,19,2,19,36
13,20,1,17,39
13,21,1,15,41
13,22,1,13,43
13,23,1,13,43
13,24,1,10,46
13,25,1,8,48
13,26,0,8,49
13,27,0,8,49
13,28,0,6,51
13,29,0,4,53
13,30,0,4,53
13,31,0,4,53
13,32,0,4,53
13,33,0,4,53
13,34,0,4,53
13,35,0,4,53
13,36,0,1,56
13,37,0,0,57
13,38,0,0,57
13,39,0,0,57
13,40,0,0,57
13,41,0,0,57
13,42,0,0,57
13,43,0,0,57
13,44,0,0,57
13,45,0,0,57
13,46,0,0,57
13,47,0,0,57
13,48,0,0,57
13,49,0,0,57
13,50,0,0,57
13,51,0,0,57
13,52,0,0,57
13,53,0,0,57
13,54,0,0,57
13,55,0,0,57
13,56,0,0,57
13,57,0,0,57
13,58,0,0,57
13,59,0,0,57
13,60,0,0,57
14,0,67,5,0
14,1,66,6,0
14,2,64,7,1
14,3,58,11,3
14,4,54,13,5
14,5,49,16,7
14,6,43,21,8
14,7,39,24,9
14,8,35,27,10
14,9,29,30,13
14,10,26,30,16
14,11,22,31,19
14,12,16,36,20
14,13,13,39,20
14,14,10,36,26
14,15,7,34,31
14,16,6,31,35
14,17,5,28,39
14,18,3,28,41
14,19,3,27,42
14,20,3,25,44
14,21,2,23,47
14,22,2,20,50
14,23,1,20,51
14,24,0,21,51
14,25,0,20,52
14,26,0,19,53
14,27,0,18,54
14,28,0,15,57
14,29,0,14,58
14,30,0,14,58
14,31,0,12,60
14,32,0,9,63
14,33,0,8,64
14,34,0,7,65
14,35,0,7,65
14,36,0,7,65
14,37,0,6,66
14,38,0,3,69
14,39,0,2,70
14,40,0,2,70
14,41,0,2,70
14,42,0,2,70
14,43,0,2,70
14,44,0,1,71
14,45,0,1,71
14,46,0,1,71
14,47,0,1,71
14,48,0,1,71
14,49,0,1,71
14,50,0,1,71
14,51,0,1,71
14,52,0,1,71
14,53,0,1,71
14,54,0,1,71
14,55,0,0,72
14,56,0,0,72
14,57,0,0,72
14,58,0,0,72
14,59,0,0,72
14,60,0,0,72
15,0,64,2,0
15,1,64,2,0
15,2,64,2,0
15,3,60,5,1
15,4,57,8,1
15,5,51,13,2
15,6,44,19,3
15,7,36,25,5
15,8,29,29,8
15,9,20,37,9
15,10,13,40,13
15,11,11,37,18
15,12,10,35,21
15,13,7,34,25
15,14,4,35,27
15,15,4,31,31
15,16,3,30,33
15,17,2,28,36
15,18,2,28,36
15,19,2,27,37
15,20,1,25,40
15,21,1,19,46
15,22,1,15,50
15,23,1,15,50
15,24,1,13,52
15,25,0,13,53
15,26,0,13,53
15,27,0,12,54
15,28,0,9,57
15,29,0,7,59
15,30,0,7,59
15,31,0,7,59
15,32,0,6,60
15,33,0,5,61
15,34,0,4,62
15,35,0,4,62
15,36,0,4,62
15,37,0,4,62
15,38,0,3,63
15,39,0,2,64
15,40,0,2,64
15,41,0,1,65
15,42,0,1,65
15,43,0,1,65
15,44,0,1,65
15,45,0,1,65
15,46,0,1,65
15,47,0,1,65
15,48,0,1,65
15,49,0,1,65
15,50,0,1,65
15,51,0,1,65
15,52,0,1,65
15,53,0,1,65
15,54,0,1,65
15,55,0,1,65
15,56,0,1,65
15,57,0,1,65
15,58,0,0,66
15,59,0,0,66
15,60,0,0,66
16,0,55,3,0
16,1,53,5,0
16,2,51,6,1
16,3,48,8,2
16,4,40,16,2
16,5,34,21,3
16,6,31,18,9
16,7,27,21,10
16,8,23,23,12
16,9,19,23,16
16,10,18,22,18
16,11,15,24,19
16,12,11,26,21
16,13,10,20,28
16,14,9,19,30
16,15,9,18,31
16,16,8,17,33
16,17,8,17,33
16,18,6,16,36
16,19,5,17,36
16,20,3,19,36
16,21,3,18,37
16,22,2,17,39
16,23,2,15,41
16,24,2,13,43
16,25,2,10,46
16,26,2,10,46
16,27,2,9,47
16,28,2,9,47
16,29,2,9,47
16,30,2,9,47
16,31,2,9,47
16,32,1,10,47
16,33,1,10,47
16,34,1,10,47
16,35,1,10,47
16,36,1,9,48
16,37,1,8,49
16,38,1,7,50
16,39,1,7,50
16,40,1,5,52
16,41,1,5,52
16,42,1,3,54
16,43,1,2,55
16,44,1,2,55
16,45,1,2,55
16,46,1,2,55
16,47,1,2,55
16,48,1,2,55
16,49,1,1,56
16,50,1,1,56
16,51,1,1,56
16,52,1,1,56
16,53,1,1,56
16,54,1,1,56
16,55,1,1,56
16,56,1,1,56
16,57,1,1,56
16,58,1,1,56
16,59,1,1,56
16,60,1,1,56
17,0,92,3,0
17,1,90,5,0
17,2,87,8,0
17,3,81,14,0
17,4,73,21,1
17,5,69,25,1
17,6,58,34,3
17,7,53,37,5
17,8,40,48,7
17,9,28,54,13
17,10,20,58,17
17,11,14,59,22
17,12,10,56,29
17,13,8,51,36
17,14,5,48,42
17,15,2,45,48
17,16,2,37,56
17,17,2,33,60
17,18,1,30,64
17,19,1,28,66
17,20,1,27,67
17,21,1,25,69
17,22,0,23,72
17,23,0,19,76
17,24,0,16,79
17,25,0,14,81
17,26,0,13,82
17,27,0,13,82
17,28,0,13,82
17,29,0,12,83
17,30,0,10,85
17,31,0,9,86
17,32,0,9,86
17,33,0,8,87
17,34,0,8,87
17,35,0,8,87
17,36,0,8,87
17,37,0,7,88
17,38,0,7,88
17,39,0,6,89
17,40,0,5,90
17,41,0,5,90
17,42,0,5,90
17,43,0,5,90
17,44,0,5,90
17,45,0,5,90
17,46,0,4,91
17,47,0,4,91
17,48,0,3,92
17,49,0,3,92
17,50,0,3,92
17,51,0,3,92
17,52,0,3,92
17,53,0,3,92
17,54,0,3,92
17,55,0,3,92
17,56,0,3,92
17,57,0,3,92
17,58,0,3,92
17,59,0,3,92
17,60,0,1,94
18,0,76,2,0
18,1,76,2,0
18,2,76,2,0
18,3,74,4,0
18,4,72,6,0
18,5,71,7,0
18,6,68,10,0
18,7,63,15,0
18,8,57,18,3
18,9,54,18,6
18,10,51,21,6
18,11,45,26,7
18,12,35,34,9
18,13,26,41,11
18,14,19,44,15
18,15,13,41,24
18,16,9,42,27
18,17,5,42,31
18,18,3,38,37
18,19,1,34,43
18,20,0,35,43
18,21,0,29,49
18,22,0,28,50
18,23,0,25,53
18,24,0,22,56
18,25,0,21,57
18,26,0,19,59
18,27,0,19,59
18,28,0,18,60
18,29,0,18,60
18,30,0,17,61
18,31,0,15,63
18,32,0,14,64
18,33,0,11,67
18,34,0,8,70
18,35,0,6,72
18,36,0,6,72
18,37,0,6,72
18,38,0,6,72
18,39,0,5,73
18,40,0,5,73
18,41,0,5,73
18,42,0,4,74
18,43,0,3,75
18,44,0,2,76
18,45,0,2,76
18,46,0,2,76
18,47,0,2,76
18,48,0,2,76
18,49,0,2,76
18,50,0,2,76
18,51,0,2,76
18,52,0,2,76
18,53,0,2,76
18,54,0,2,76
18,55,0,2,76
18,56,0,2,76
18,57,0,2,76
18,58,0,1,77
18,59,0,1,77
18,60,0,1,77
19,0,60,2,0
19,1,60,2,0
19,2,59,3,0
19,3,58,4,0
19,4,58,4,0
19,5,56,6,0
19,6,52,8,2
19,7,47,13,2
19,8,40,20,2
19,9,34,25,3
19,10,28,28,6
19,11,22,30,10
19,12,16,31,15
19,13,13,31,18
19,14,11,32,19
19,15,10,29,23
19,16,7,31,24
19,17,3,33,26
19,18,3,28,31
19,19,3,26,33
19,20,3,23,36
19,21,3,19,40
19,22,1,20,41
19,23,1,15,46
19,24,1,13,48
19,25,1,12,49
19,26,1,12,49
19,27,0,13,49
19,28,0,12,50
19,29,0,10,52
19,30,0,9,53
19,31,0,8,54
19,32,0,6,56
19,33,0,5,57
19,34,0,4,58
19,35,0,4,58
19,36,0,3,59
19,37,0,3,59
19,38,0,1,61
19,39,0,1,61
19,40,0,1,61
19,41,0,1,61
19,42,0,1,61
19,43,0,1,61
19,44,0,1,61
19,45,0,1,61
19,46,0,1,61
19,47,0,1,61
19,48,0,1,61
19,49,0,0,62
19,50,0,0,62
19,51,0,0,62
19,52,0,0,62
19,53,0,0,62
19,54,0,0,62
19,55,0,0,62
19,56,0,0,62
19,57,0,0,62
19,58,0,0,62
19,59,0,0,62
19,60,0,0,62
20,0,89,1,0
20,1,89,1,0
20,2,87,3,0
20,3,85,4,1
20,4,83,6,1
20,5,82,7,1
20,6,77,11,2
20,7,66,21,3
20,8,60,27,3
20,9,54,29,7
20,10,48,26,16
20,11,41,30,19
20,12,34,32,24
20,13,27,35,28
20,14,20,40,30
20,15,18,38,34
20,16,12,38,40
20,17,9,37,44
20,18,6,36,48
20,19,5,33,52
20,20,5,31,54
20,21,4,30,56
20,22,3,28,59
20,23,3,25,62
20,24,3,24,63
20,25,3,22,65
20,26,2,21,67
20,27,2,21,67
20,28,2,18,70
20,29,2,16,72
20,30,2,15,73
20,31,2,12,76
20,32,2,10,78
20,33,2,10,78
20,34,1,11,78
20,35,1,9,80
20,36,1,9,80
20,37,1,9,80
20,38,1,8,81
20,39,1,7,82
20,40,1,7,82
20,41,1,7,82
20,42,1,7,82
20,43,1,7,82
20,44,1,6,83
20,45,1,6,83
20,46,1,6,83
20,47,1,5,84
20,48,1,5,84
20,49,1,5,84
20,50,1,4,85
20,51,1,3,86
20,52,1,3,86
20,53,1,3,86
20,54,1,3,86
20,55,1,3,86
20,56,1,3,86
20,57,1,2,87
20,58,1,2,87
20,59,1,2,87
20,60,1,2,87
21,0,81,3,0
21,1,79,5,0
21,2,78,5,1
21,3,75,8,1
21,4,75,8,1
21,5,69,14,1
21,6,62,20,2
21,7,54,27,3
21,8,47,29,8
21,9,41,34,9
21,10,35,35,14
21,11,30,38,16
21,12,22,43,19
21,13,18,44,22
21,14,16,43,25
21,15,15,43,26
21,16,12,44,28
21,17,7,47,30
21,18,6,41,37
21,19,5,41,38
21,20,5,37,42
21,21,5,34,45
21,22,3,32,49
21,23,3,29,52
21,24,2,25,57
21,25,1,23,60
21,26,1,22,61
21,27,1,18,65
21,28,1,18,65
21,29,1,16,67
21,30,1,14,69
21,31,1,13,70
21,32,1,13,70
21,33,1,11,72
21,34,1,11,72
21,35,1,9,74
21,36,1,9,74
21,37,1,8,75
21,38,1,8,75
21,39,0,9,75
21,40,0,9,75
21,41,0,9,75
21,42,0,6,78
21,43,0,6,78
21,44,0,6,78
21,45,0,6,78
21,46,0,6,78
21,47,0,5,79
21,48,0,5,79
21,49,0,3,81
21,50,0,2,82
21,51,0,0,84
21,52,0,0,84
21,53,0,0,84
21,54,0,0,84
21,55,0,0,84
21,56,0,0,84
21,57,0,0,84
21,58,0,0,84
21,59,0,0,84
21,60,0,0,84
22,0,88,2,0
22,1,87,3,0
22,2,85,5,0
22,3,84,6,0
22,4,82,8,0
22,5,80,9,1
22,6,80,6,4
22,7,77,9,4
22,8,73,13,4
22,9,68,17,5
22,10,63,20,7
22,11,51,28,11
22,12,40,34,16
22,13,34,37,19
22,14,26,45,19
22,15,18,49,23
22,16,12,51,27
22,17,8,51,31
22,18,8,48,34
22,19,6,46,38
22,20,6,42,42
22,21,4,38,48
22,22,3,37,50
22,23,3,34,53
22,24,2,32,56
22,25,2,31,57
22,26,1,29,60
22,27,0,29,61
22,28,0,24,66
22,29,0,22,68
22,30,0,17,73
22,31,0,16,74
22,32,0,14,76
22,33,0,12,78
22,34,0,9,81
22,35,0,7,83
22,36,0,6,84
22,37,0,6,84
22,38,0,3,87
22,39,0,1,89
22,40,0,1,89
22,41,0,1,89
22,42,0,1,89
22,43,0,1,89
22,44,0,1,89
22,45,0,1,89
22,46,0,1,89
22,47,0,1,89
22,48,0,1,89
22,49,0,1,89
22,50,0,1,89
22,51,0,1,89
22,52,0,1,89
22,53,0,0,90
22,54,0,0,90
22,55,0,0,90
22,56,0,0,90
22,57,0,0,90
22,58,0,0,90
22,59,0,0,90
22,60,0,0,90
23,0,70,5,0
23,1,66,8,1
23,2,60,13,2
23,3,54,18,3
23,4,47,21,7
23,5,44,22,9
23,6,37,28,10
23,7,32,30,13
23,8,29,29,17
23,9,25,29,21
23,10,20,29,26
23,11,18,27,30
23,12,15,27,33
23,13,11,26,38
23,14,10,27,38
23,15,7,27,41
23,16,4,28,43
23,17,4,23,48
23,18,3,21,51
23,19,3,18,54
23,20,3,17,55
23,21,3,16,56
23,22,3,13,59
23,23,2,12,61
23,24,2,12,61
23,25,2,11,62
23,26,2,10,63
23,27,2,10,63
23,28,0,11,64
23,29,0,9,66
23,30,0,7,68
23,31,0,5,70
23,32,0,5,70
23,33,0,5,70
23,34,0,5,70
23,35,0,5,70
23,36,0,4,71
23,37,0,4,71
23,38,0,3,72
23,39,0,3,72
23,40,0,2,73
23,41,0,1,74
23,42,0,1,74
23,43,0,1,74
23,44,0,1,74
23,45,0,1,74
23,46,0,1,74
23,47,0,1,74
23,48,0,1,74
23,49,0,1,74
23,50,0,1,74
23,51,0,1,74
23,52,0,1,74
23,53,0,1,74
23,54,0,1,74
23,55,0,1,74
23,56,0,1,74
23,57,0,1,74
23,58,0,0,75
23,59,0,0,75
23,60,0,0,75
24,0,93,1,0
24,1,92,1,1
24,2,92,0,2
24,3,92,0,2
24,4,92,0,2
24,5,92,0,2
24,6,92,0,2
24,7,92,0,2
24,8,92,0,2
24,9,92,0,2
24,10,92,0,2
24,11,92,0,2
24,12,92,0,2
24,13,92,0,2
24,14,92,0,2
24,15,92,0,2
24,16,92,0,2
24,17,92,0,2
24,18,92,0,2
24,19,92,0,2
24,20,92,0,2
24,21,92,0,2
24,22,92,0,2
24,23,92,0,2
24,24,92,0,2
24,25,92,0,2
24,26,92,0,2
24,27,92,0,2
24,28,92,0,2
24,29,92,0,2
24,30,92,0,2
24,31,92,0,2
24,32,92,0,2
24,33,92,0,2
24,34,92,0,2
24,35,92,0,2
24,36,92,0,2
24,37,92,0,2
24,38,92,0,2
24,39,92,0,2
24,40,92,0,2
24,41,92,0,2
24,42,92,0,2
24,43,92,0,2
24,44,92,0,2
24,45,92,0,2
24,46,92,0,2
24,47,92,0,2
24,48,92,0,2
24,49,92,0,2
24,50,92,0,2
24,51,92,0,2
24,52,92,0,2
24,53,92,0,2
24,54,92,0,2
24,55,92,0,2
24,56,92,0,2
24,57,92,0,2
24,58,92,0,2
24,59,92,0,2
24,60,92,0,2
25,0,56,5,0
25,1,54,6,1
25,2,53,7,1
25,3,50,9,2
25,4,47,10,4
25,5,45,10,6
25,6,40,15,6
25,7,32,22,7
25,8,26,26,9
25,9,21,30,10
25,10,18,31,12
25,11,12,32,17
25,12,7,30,24
25,13,7,29,25
25,14,6,28,27
25,15,3,29,29
25,16,2,27,32
25,17,1,25,35
25,18,1,23,37
25,19,0,20,41
25,20,0,19,42
25,21,0,18,43
25,22,0,18,43
25,23,0,14,47
25,24,0,12,49
25,25,0,9,52
25,26,0,7,54
25,27,0,6,55
25,28,0,5,56
25,29,0,5,56
25,30,0,5,56
25,31,0,5,56
25,32,0,3,58
25,33,0,2,59
25,34,0,1,60
25,35,0,1,60
25,36,0,1,60
25,37,0,1,60
25,38,0,1,60
25,39,0,1,60
25,40,0,1,60
25,41,0,1,60
25,42,0,1,60
25,43,0,1,60
25,44,0,1,60
25,45,0,1,60
25,46,0,1,60
25,47,0,1,60
25,48,0,1,60
25,49,0,1,60
25,50,0,1,60
25,51,0,1,60
25,52,0,0,61
25,53,0,0,61
25,54,0,0,61
25,55,0,0,61
25,56,0,0,61
25,57,0,0,61
25,58,0,0,61
25,59,0,0,61
25,60,0,0,61
26,0,90,5,0
26,1,87,8,0
26,2,86,7,2
26,3,85,8,2
26,4,78,15,2
26,5,74,18,3
26,6,68,20,7
26,7,66,21,8
26,8,62,22,11
26,9,55,27,13
26,10,46,31,18
26,11,40,34,21
26,12,32,39,24
26,13,28,39,28
26,14,25,40,30
26,15,21,35,39
26,16,17,36,42
26,17,12,36,47
26,18,10,33,52
26,19,7,32,56
26,20,6,30,59
26,21,6,28,61
26,22,6,28,61
26,23,5,27,63
26,24,4,25,66
26,25,4,24,67
26,26,3,22,70
26,27,2,22,71
26,28,2,20,73
26,29,2,16,77
26,30,2,16,77
26,31,1,17,77
26,32,0,16,79
26,33,0,15,80
26,34,0,14,81
26,35,0,14,81
26,36,0,12,83
26,37,0,9,86
26,38,0,8,87
26,39,0,7,88
26,40,0,5,90
26,41,0,3,92
26,42,0,1,94
26,43,0,1,94
26,44,0,1,94
26,45,0,1,94
26,46,0,1,94
26,47,0,0,95
26,48,0,0,95
26,49,0,0,95
26,50,0,0,95
26,51,0,0,95
26,52,0,0,95
26,53,0,0,95
26,54,0,0,95
26,55,0,0,95
26,56,0,0,95
26,57,0,0,95
26,58,0,0,95
26,59,0,0,95
26,60,0,0,95
27,0,94,2,0
27,1,93,3,0
27,2,92,4,0
27,3,90,6,0
27,4,87,7,2
27,5,81,12,3
27,6,78,13,5
27,7,71,20,5
27,8,66,24,6
27,9,55,31,10
27,10,47,37,12
27,11,40,39,17
27,12,37,40,19
27,13,26,47,23
27,14,25,42,29
27,15,22,43,31
27,16,17,41,38
27,17,14,39,43
27,18,13,36,47
27,19,11,32,53
27,20,11,28,57
27,21,10,28,58
27,22,10,25,61
27,23,9,23,64
27,24,9,23,64
27,25,8,22,66
27,26,7,23,66
27,27,7,22,67
27,28,7,19,70
27,29,5,20,71
27,30,3,20,73
27,31,2,20,74
27,32,2,18,76
27,33,1,19,76
27,34,1,17,78
27,35,1,16,79
27,36,1,14,81
27,37,1,11,84
27,38,1,11,84
27,39,1,11,84
27,40,1,11,84
27,41,1,11,84
27,42,1,11,84
27,43,1,10,85
27,44,1,10,85
27,45,1,9,86
27,46,1,7,88
27,47,1,6,89
27,48,1,6,89
27,49,1,5,90
27,50,1,4,91
27,51,1,3,92
27,52,1,3,92
27,53,1,3,92
27,54,1,2,93
27,55,1,1,94
27,56,1,0,95
27,57,1,0,95
27,58,1,0,95
27,59,1,0,95
27,60,1,0,95
28,0,82,2,0
28,1,82,2,0
28,2,81,3,0
28,3,77,6,1
28,4,76,6,2
28,5,71,10,3
28,6,66,14,4
28,7,64,14,6
28,8,57,20,7
28,9,51,25,8
28,10,44,29,11
28,11,36,33,15
28,12,31,37,16
28,13,25,38,21
28,14,19,40,25
28,15,18,38,28
28,16,15,37,32
28,17,14,34,36
28,18,11,35,38
28,19,9,34,41
28,20,9,32,43
28,21,8,29,47
28,22,7,26,51
28,23,6,24,54
28,24,5,23,56
28,25,5,20,59
28,26,5,18,61
28,27,5,15,64
28,28,5,14,65
28,29,5,13,66
28,30,3,15,66
28,31,3,14,67
28,32,3,11,70
28,33,3,10,71
28,34,3,9,72
28,35,3,8,73
28,36,3,7,74
28,37,2,8,74
28,38,2,7,75
28,39,2,7,75
28,40,2,6,76
28,41,2,5,77
28,42,2,3,79
28,43,2,3,79
28,44,2,2,80
28,45,1,3,80
28,46,1,3,80
28,47,1,2,81
28,48,1,1,82
28,49,1,1,82
28,50,1,1,82
28,51,1,1,82
28,52,1,1,82
28,53,1,1,82
28,54,1,1,82
28,55,1,1,82
28,56,1,1,82
28,57,1,1,82
28,58,1,1,82
28,59,1,1,82
28,60,1,1,82
29,0,56,5,0
29,1,55,6,0
29,2,53,8,0
29,3,52,9,0
29,4,48,12,1
29,5,42,17,2
29,6,39,20,2
29,7,32,27,2
29,8,26,32,3
29,9,20,34,7
29,10,17,34,10
29,11,14,35,12
29,12,9,32,20
29,13,6,35,20
29,14,4,35,22
29,15,4,32,25
29,16,3,29,29
29,17,2,28,31
29,18,2,27,32
29,19,1,27,33
29,20,0,25,36
29,21,0,23,38
29,22,0,22,39
29,23,0,21,40
29,24,0,19,42
29,25,0,15,46
29,26,0,15,46
29,27,0,14,47
29,28,0,14,47
29,29,0,14,47
29,30,0,14,47
29,31,0,13,48
29,32,0,11,50
29,33,0,11,50
29,34,0,10,51
29,35,0,10,51
29,36,0,9,52
29,37,0,8,53
29,38,0,7,54
29,39,0,6,55
29,40,0,5,56
29,41,0,4,57
29,42,0,4,57
29,43,0,4,57
29,44,0,4,57
29,45,0,4,57
29,46,0,4,57
29,47,0,3,58
29,48,0,2,59
29,49,0,2,59
29,50,0,1,60
29,51,0,1,60
29,52,0,1,60
29,53,0,1,60
29,54,0,1,60
29,55,0,1,60
29,56,0,1,60
29,57,0,1,60
29,58,0,0,61
29,59,0,0,61
29,60,0,0,61
30,0,89,1,0
30,1,89,1,0
30,2,89,0,1
30,3,89,0,1
30,4,89,0,1
30,5,89,0,1
30,6,89,0,1
30,7,89,0,1
30,8,89,0,1
30,9,89,0,1
30,10,89,0,1
30,11,89,0,1
30,12,89,0,1
30,13,89,0,1
30,14,89,0,1
30,15,89,0,1
30,16,89,0,1
30,17,89,0,1
30,18,89,0,1
30,19,89,0,1
30,20,89,0,1
30,21,89,0,1
30,22,89,0,1
30,23,89,0,1
30,24,89,0,1
30,25,89,0,1
30,26,89,0,1
30,27,89,0,1
30,28,89,0,1
30,29,89,0,1
30,30,89,0,1
30,31,89,0,1
30,32,89,0,1
30,33,89,0,1
30,34,89,0,1
30,35,89,0,1
30,36,89,0,1
30,37,89,0,1
30,38,89,0,1
30,39,89,0,1
30,40,89,0,1
30,41,89,0,1
30,42,89,0,1
30,43,89,0,1
30,44,89,0,1
30,45,89,0,1
30,46,89,0,1
30,47,89,0,1
30,48,89,0,1
30,49,89,0,1
30,50,89,0,1
30,51,89,0,1
30,52,89,0,1
30,53,89,0,1
30,54,89,0,1
30,55,89,0,1
30,56,89,0,1
30,57,89,0,1
30,58,89,0,1
30,59,89,0,1
30,60,89,0,1
31,0,86,5,0
31,1,83,7,1
31,2,81,7,3
31,3,72,15,4
31,4,70,17,4
31,5,65,18,8
31,6,61,19,11
31,7,57,20,14
31,8,49,27,15
31,9,45,30,16
31,10,40,35,16
31,11,31,40,20
31,12,24,42,25
31,13,19,42,30
31,14,14,43,34
31,15,12,39,40
31,16,8,38,45
31,17,6,37,48
31,18,3,38,50
31,19,2,38,51
31,20,2,31,58
31,21,2,26,63
31,22,2,23,66
31,23,2,21,68
31,24,2,21,68
31,25,2,18,71
31,26,1,17,73
31,27,1,17,73
31,28,1,16,74
31,29,1,16,74
31,30,1,15,75
31,31,1,11,79
31,32,1,5,85
31,33,1,5,85
31,34,1,3,87
31,35,1,3,87
31,36,1,3,87
31,37,1,3,87
31,38,1,1,89
31,39,1,1,89
31,40,1,0,90
31,41,1,0,90
31,42,1,0,90
31,43,1,0,90
31,44,1,0,90
31,45,1,0,90
31,46,1,0,90
31,47,1,0,90
31,48,1,0,90
31,49,1,0,90
31,50,1,0,90
31,51,1,0,90
31,52,1,0,90
31,53,1,0,90
31,54,1,0,90
31,55,1,0,90
31,56,1,0,90
31,57,1,0,90
31,58,1,0,90
31,59,1,0,90
31,60,1,0,90
32,0,72,4,0
32,1,71,4,1
32,2,70,4,2
32,3,70,4,2
32,4,70,4,2
32,5,69,4,3
32,6,68,5,3
32,7,67,5,4
32,8,64,8,4
32,9,59,12,5
32,10,51,20,5
32,11,42,28,6
32,12,36,30,10
32,13,28,34,14
32,14,24,33,19
32,15,19,37,20
32,16,18,35,23
32,17,14,37,25
32,18,9,40,27
32,19,6,39,31
32,20,5,37,34
32,21,4,33,39
32,22,4,29,43
32,23,3,25,48
32,24,3,20,53
32,25,3,19,54
32,26,3,19,54
32,27,3,18,55
32,28,3,14,59
32,29,3,13,60
32,30,2,13,61
32,31,2,11,63
32,32,2,9,65
32,33,2,9,65
32,34,1,9,66
32,35,0,10,66
32,36,0,7,69
32,37,0,7,69
32,38,0,7,69
32,39,0,7,69
32,40,0,7,69
32,41,0,7,69
32,42,0,5,71
32,43,0,4,72
32,44,0,4,72
32,45,0,4,72
32,46,0,4,72
32,47,0,3,73
32,48,0,3,73
32,49,0,2,74
32,50,0,2,74
32,51,0,1,75
32,52,0,1,75
32,53,0,1,75
32,54,0,1,75
32,55,0,1,75
32,56,0,1,75
32,57,0,1,75
32,58,0,1,75
32,59,0,1,75
32,60,0,1,75
33,0,73,3,0
33,1,71,5,0
33,2,67,9,0
33,3,57,18,1
33,4,50,24,2
33,5,40,32,4
33,6,33,34,9
33,7,28,36,12
33,8,23,37,16
33,9,22,33,21
33,10,20,32,24
33,11,15,34,27
33,12,10,36,30
33,13,6,35,35
33,14,6,31,39
33,15,5,28,43
33,16,3,28,45
33,17,2,27,47
33,18,1,26,49
33,19,1,23,52
33,20,1,19,56
33,21,1,18,57
33,22,1,16,59
33,23,1,16,59
33,24,1,15,60
33,25,1,13,62
33,26,1,13,62
33,27,1,11,64
33,28,1,10,65
33,29,1,9,66
33,30,1,9,66
33,31,1,7,68
33,32,0,8,68
33,33,0,8,68
33,34,0,8,68
33,35,0,8,68
33,36,0,6,70
33,37,0,6,70
33,38,0,6,70
33,39,0,5,71
33,40,0,4,72
33,41,0,3,73
33,42,0,2,74
33,43,0,2,74
33,44,0,2,74
33,45,0,2,74
33,46,0,2,74
33,47,0,1,75
33,48,0,0,76
33,49,0,0,76
33,50,0,0,76
33,51,0,0,76
33,52,0,0,76
33,53,0,0,76
33,54,0,0,76
33,55,0,0,76
33,56,0,0,76
33,57,0,0,76
33,58,0,0,76
33,59,0,0,76
33,60,0,0,76
34,0,51,4,0
34,1,50,4,1
34,2,48,4,3
34,3,47,5,3
34,4,44,8,3
34,5,40,12,3
34,6,38,13,4
34,7,37,13,5
34,8,33,16,6
34,9,29,20,6
34,10,25,22,8
34,11,19,25,11
34,12,11,30,14
34,13,10,26,19
34,14,9,27,19
34,15,8,24,23
34,16,6,23,26
34,17,5,23,27
34,18,3,23,29
34,19,3,22,30
34,20,3,22,30
34,21,3,21,31
34,22,3,18,34
34,23,2,19,34
34,24,1,20,34
34,25,1,19,35
34,26,1,19,35
34,27,1,18,36
34,28,1,18,36
34,29,1,16,38
34,30,1,15,39
34,31,1,14,40
34,32,1,13,41
34,33,1,11,43
34,34,1,11,43
34,35,1,11,43
34,36,1,11,43
34,37,1,9,45
34,38,0,10,45
34,39,0,9,46
34,40,0,9,46
34,41,0,8,47
34,42,0,7,48
34,43,0,5,50
34,44,0,4,51
34,45,0,4,51
34,46,0,3,52
34,47,0,3,52
34,48,0,3,52
34,49,0,3,52
34,50,0,3,52
34,51,0,3,52
34,52,0,3,52
34,53,0,2,53
34,54,0,2,53
34,55,0,2,53
34,56,0,2,53
34,57,0,2,53
34,58,0,2,53
34,59,0,2,53
34,60,0,1,54
35,0,94,5,0
35,1,93,5,1
35,2,90,7,2
35,3,87,8,4
35,4,85,9,5
35,5,84,9,6
35,6,77,15,7
35,7,68,23,8
35,8,63,24,12
35,9,55,26,18
35,10,47,31,21
35,11,35,39,25
35,12,29,39,31
35,13,25,40,34
35,14,20,42,37
35,15,15,43,41
35,16,11,44,44
35,17,11,41,47
35,18,11,41,47
35,19,9,32,58
35,20,8,29,62
35,21,5,29,65
35,22,4,28,67
35,23,4,26,69
35,24,3,25,71
35,25,2,24,73
35,26,2,21,76
35,27,2,20,77
35,28,2,15,82
35,29,2,12,85
35,30,2,11,86
35,31,2,10,87
35,32,2,10,87
35,33,2,8,89
35,34,1,8,90
35,35,1,6,92
35,36,1,4,94
35,37,1,4,94
35,38,1,4,94
35,39,1,4,94
35,40,1,4,94
35,41,1,2,96
35,42,1,2,96
35,43,1,2,96
35,44,1,2,96
35,45,1,2,96
35,46,1,0,98
35,47,1,0,98
35,48,1,0,98
35,49,1,0,98
35,50,1,0,98
35,51,1,0,98
35,52,1,0,98
35,53,1,0,98
35,54,1,0,98
35,55,1,0,98
35,56,1,0,98
35,57,1,0,98
35,58,1,0,98
35,59,1,0,98
35,60,1,0,98
36,0,75,5,0
36,1,74,6,0
36,2,69,11,0
36,3,66,13,1
36,4,65,13,2
36,5,59,16,5
36,6,52,21,7
36,7,44,24,12
36,8,38,26,16
36,9,29,32,19
36,10,23,37,20
36,11,19,38,23
36,12,15,41,24
36,13,12,42,26
36,14,12,38,30
36,15,10,38,32
36,16,9,39,32
36,17,9,30,41
36,18,7,28,45
36,19,7,26,47
36,20,7,24,49
36,21,7,20,53
36,22,6,18,56
36,23,5,18,57
36,24,5,17,58
36,25,5,16,59
36,26,4,16,60
36,27,4,15,61
36,28,4,14,62
36,29,3,14,63
36,30,3,12,65
36,31,3,11,66
36,32,2,11,67
36,33,2,10,68
36,34,2,9,69
36,35,2,9,69
36,36,2,7,71
36,37,2,7,71
36,38,2,7,71
36,39,2,5,73
36,40,2,5,73
36,41,2,3,75
36,42,2,3,75
36,43,2,2,76
36,44,2,2,76
36,45,2,2,76
36,46,2,2,76
36,47,2,2,76
36,48,2,1,77
36,49,2,1,77
36,50,2,1,77
36,51,2,1,77
36,52,2,1,77
36,53,2,1,77
36,54,2,1,77
36,55,2,1,77
36,56,2,1,77
36,57,2,1,77
36,58,2,1,77
36,59,2,1,77
36,60,2,1,77
37,0,75,5,0
37,1,73,7,0
37,2,71,8,1
37,3,68,10,2
37,4,63,13,4
37,5,60,13,7
37,6,50,23,7
37,7,45,26,9
37,8,36,33,11
37,9,31,36,13
37,10,26,37,17
37,11,22,37,21
37,12,18,37,25
37,13,13,39,28
37,14,10,34,36
37,15,9,32,39
37,16,9,28,43
37,17,7,26,47
37,18,6,25,49
37,19,6,22,52
37,20,5,19,56
37,21,5,19,56
37,22,3,20,57
37,23,2,19,59
37,24,2,18,60
37,25,1,16,63
37,26,1,15,64
37,27,1,14,65
37,28,0,15,65
37,29,0,15,65
37,30,0,13,67
37,31,0,10,70
37,32,0,9,71
37,33,0,8,72
37,34,0,7,73
37,35,0,6,74
37,36,0,6,74
37,37,0,6,74
37,38,0,6,74
37,39,0,5,75
37,40,0,4,76
37,41,0,4,76
37,42,0,4,76
37,43,0,4,76
37,44,0,4,76
37,45,0,3,77
37,46,0,3,77
37,47,0,1,79
37,48,0,1,79
37,49,0,1,79
37,50,0,1,79
37,51,0,1,79
37,52,0,1,79
37,53,0,1,79
37,54,0,1,79
37,55,0,1,79
37,56,0,1,79
37,57,0,1,79
37,58,0,1,79
37,59,0,1,79
37,60,0,1,79
38,0,66,4,0
38,1,66,3,1
38,2,66,3,1
38,3,64,4,2
38,4,62,6,2
38,5,58,9,3
38,6,56,10,4
38,7,53,12,5
38,8,51,13,6
38,9,46,17,7
38,10,38,23,9
38,11,34,27,9
38,12,29,30,11
38,13,25,30,15
38,14,20,33,17
38,15,18,34,18
38,16,17,31,22
38,17,16,28,26
38,18,13,29,28
38,19,10,27,33
38,20,10,22,38
38,21,9,19,42
38,22,7,19,44
38,23,6,20,44
38,24,6,20,44
38,25,5,19,46
38,26,5,17,48
38,27,4,18,48
38,28,4,17,49
38,29,3,16,51
38,30,3,15,52
38,31,3,13,54
38,32,3,12,55
38,33,1,14,55
38,34,1,13,56
38,35,1,12,57
38,36,1,11,58
38,37,1,10,59
38,38,1,9,60
38,39,1,8,61
38,40,1,7,62
38,41,1,6,63
38,42,1,5,64
38,43,1,5,64
38,44,1,5,64
38,45,1,5,64
38,46,1,4,65
38,47,1,4,65
38,48,1,3,66
38,49,1,3,66
38,50,1,3,66
38,51,1,3,66
38,52,1,2,67
38,53,1,1,68
38,54,1,1,68
38,55,1,1,68
38,56,1,1,68
38,57,1,1,68
38,58,1,1,68
38,59,1,1,68
38,60,1,1,68
39,0,76,1,0
39,1,75,1,1
39,2,75,1,1
39,3,74,2,1
39,4,74,2,1
39,5,73,3,1
39,6,70,6,1
39,7,67,8,2
39,8,64,10,3
39,9,62,11,4
39,10,56,16,5
39,11,45,25,7
39,12,38,32,7
39,13,34,32,11
39,14,24,39,14
39,15,20,41,16
39,16,15,42,20
39,17,12,41,24
39,18,9,38,30
39,19,6,34,37
39,20,6,31,40
39,21,3,34,40
39,22,2,33,42
39,23,2,30,45
39,24,2,28,47
39,25,2,23,52
39,26,2,21,54
39,27,2,21,54
39,28,2,19,56
39,29,0,19,58
39,30,0,17,60
39,31,0,15,62
39,32,0,13,64
39,33,0,13,64
39,34,0,12,65
39,35,0,9,68
39,36,0,6,71
39,37,0,6,71
39,38,0,6,71
39,39,0,6,71
39,40,0,6,71
39,41,0,6,71
39,42,0,6,71
39,43,0,5,72
39,44,0,5,72
39,45,0,5,72
39,46,0,5,72
39,47,0,5,72
39,48,0,5,72
39,49,0,3,74
39,50,0,3,74
39,51,0,3,74
39,52,0,3,74
39,53,0,2,75
39,54,0,2,75
39,55,0,2,75
39,56,0,2,75
39,57,0,2,75
39,58,0,2,75
39,59,0,2,75
39,60,0,2,75
40,0,77,1,0
40,1,77,1,0
40,2,77,1,0
40,3,77,1,0
40,4,77,1,0
40,5,77,1,0
40,6,77,1,0
40,7,77,1,0
40,8,77,1,0
40,9,77,1,0
40,10,77,1,0
40,11,77,1,0
40,12,76,2,0
40,13,73,5,0
40,14,68,10,0
40,15,67,10,1
40,16,61,15,2
40,17,54,19,5
40,18,51,21,6
40,19,42,26,10
40,20,36,30,12
40,21,24,39,15
40,22,20,40,18
40,23,16,43,19
40,24,14,40,24
40,25,9,39,30
40,26,8,35,35
40,27,6,34,38
40,28,6,31,41
40,29,6,27,45
40,30,5,24,49
40,31,5,21,52
40,32,4,21,53
40,33,4,20,54
40,34,4,20,54
40,35,4,19,55
40,36,4,16,58
40,37,4,12,62
40,38,4,11,63
40,39,4,10,64
40,40,3,10,65
40,41,3,10,65
40,42,3,8,67
40,43,2,6,70
40,44,2,6,70
40,45,2,5,71
40,46,2,5,71
40,47,2,5,71
40,48,1,6,71
40,49,0,6,72
40,50,0,6,72
40,51,0,6,72
40,52,0,5,73
40,53,0,5,73
40,54,0,5,73
40,55,0,4,74
40,56,0,4,74
40,57,0,4,74
40,58,0,4,74
40,59,0,4,74
40,60,0,3,75
41,0,53,4,0
41,1,51,6,0
41,2,51,5,1
41,3,50,6,1
41,4,46,10,1
41,5,41,15,1
41,6,35,21,1
41,7,29,25,3
41,8,22,31,4
41,9,18,32,7
41,10,13,35,9
41,11,10,33,14
41,12,9,33,15
41,13,7,31,19
41,14,7,27,23
41,15,4,29,24
41,16,2,29,26
41,17,2,25,30
41,18,2,21,34
41,19,2,19,36
41,20,2,18,37
41,21,2,16,39
41,22,2,14,41
41,23,2,12,43
41,24,2,12,43
41,25,2,9,46
41,26,2,9,46
41,27,2,7,48
41,28,2,6,49
41,29,2,5,50
41,30,2,4,51
41,31,1,4,52
41,32,1,3,53
41,33,1,3,53
41,34,1,3,53
41,35,1,2,54
41,36,1,2,54
41,37,1,1,55
41,38,1,1,55
41,39,1,1,55
41,40,0,2,55
41,41,0,2,55
41,42,0,2,55
41,43,0,2,55
41,44,0,2,55
41,45,0,2,55
41,46,0,2,55
41,47,0,2,55
41,48,0,2,55
41,49,0,2,55
41,50,0,2,55
41,51,0,2,55
41,52,0,2,55
41,53,0,2,55
41,54,0,2,55
41,55,0,2,55
41,56,0,2,55
41,57,0,2,55
41,58,0,2,55
41,59,0,2,55
41,60,0,2,55
42,0,93,5,0
42,1,90,6,2
42,2,88,6,4
42,3,85,8,5
42,4,80,11,7
42,5,78,13,7
42,6,74,17,7
42,7,71,18,9
42,8,61,27,10
42,9,55,28,15
42,10,46,32,20
42,11,36,37,25
42,12,32,39,27
42,13,21,44,33
42,14,18,42,38
42,15,16,40,42
42,16,13,38,47
42,17,11,36,51
42,18,9,33,56
42,19,5,34,59
42,20,5,33,60
42,21,3,33,62
42,22,2,32,64
42,23,2,29,67
42,24,2,23,73
42,25,2,23,73
42,26,2,21,75
42,27,2,17,79
42,28,2,15,81
42,29,2,14,82
42,30,2,12,84
42,31,2,10,86
42,32,2,8,88
42,33,2,8,88
42,34,2,7,89
42,35,2,5,91
42,36,2,5,91
42,37,2,4,92
42,38,2,4,92
42,39,2,4,92
42,40,2,4,92
42,41,1,4,93
42,42,1,4,93
42,43,1,4,93
42,44,1,3,94
42,45,1,3,94
42,46,1,3,94
42,47,1,3,94
42,48,1,3,94
42,49,1,3,94
42,50,1,3,94
42,51,1,3,94
42,52,1,2,95
42,53,1,1,96
42,54,1,1,96
42,55,1,1,96
42,56,1,1,96
42,57,1,1,96
42,58,1,1,96
42,59,1,1,96
42,60,1,0,97
43,0,83,2,0
43,1,82,1,2
43,2,80,3,2
43,3,78,4,3
43,4,77,4,4
43,5,75,5,5
43,6,74,5,6
43,7,71,7,7
43,8,69,8,8
43,9,67,9,9
43,10,65,11,9
43,11,60,14,11
43,12,54,19,12
43,13,49,23,13
43,14,42,27,16
43,15,36,29,20
43,16,31,24,30
43,17,27,26,32
43,18,21,30,34
43,19,21,29,35
43,20,19,26,40
43,21,17,26,42
43,22,13,29,43
43,23,13,25,47
43,24,7,24,54
43,25,7,21,57
43,26,6,20,59
43,27,6,17,62
43,28,4,17,64
43,29,4,15,66
43,30,3,14,68
43,31,3,13,69
43,32,3,12,70
43,33,3,11,71
43,34,3,9,73
43,35,3,7,75
43,36,3,7,75
43,37,2,6,77
43,38,2,5,78
43,39,2,4,79
43,40,2,4,79
43,41,2,3,80
43,42,2,3,80
43,43,2,3,80
43,44,2,3,80
43,45,2,3,80
43,46,2,2,81
43,47,2,2,81
43,48,2,2,81
43,49,2,2,81
43,50,2,1,82
43,51,2,1,82
43,52,2,0,83
43,53,2,0,83
43,54,2,0,83
43,55,2,0,83
43,56,2,0,83
43,57,2,0,83
43,58,2,0,83
43,59,2,0,83
43,60,2,0,83
44,0,53,3,0
44,1,52,4,0
44,2,49,6,1
44,3,44,10,2
44,4,42,11,3
44,5,40,11,5
44,6,37,14,5
44,7,35,16,5
44,8,32,15,9
44,9,28,19,9
44,10,26,18,12
44,11,23,20,13
44,12,20,23,13
44,13,18,22,16
44,14,16,22,18
44,15,13,23,20
44,16,13,21,22
44,17,12,20,24
44,18,11,18,27
44,19,10,16,30
44,20,9,16,31
44,21,9,13,34
44,22,8,13,35
44,23,7,14,35
44,24,6,15,35
44,25,4,17,35
44,26,3,15,38
44,27,2,13,41
44,28,2,13,41
44,29,1,14,41
44,30,1,13,42
44,31,1,12,43
44,32,1,11,44
44,33,0,11,45
44,34,0,10,46
44,35,0,10,46
44,36,0,9,47
44,37,0,7,49
44,38,0,7,49
44,39,0,5,51
44,40,0,3,53
44,41,0,3,53
44,42,0,2,54
44,43,0,2,54
44,44,0,2,54
44,45,0,2,54
44,46,0,2,54
44,47,0,2,54
44,48,0,2,54
44,49,0,2,54
44,50,0,2,54
44,51,0,2,54
44,52,0,2,54
44,53,0,2,54
44,54,0,2,54
44,55,0,1,55
44,56,0,1,55
44,57,0,0,56
44,58,0,0,56
44,59,0,0,56
44,60,0,0,56
45,0,98,1,0
45,1,97,2,0
45,2,97,2,0
45,3,97,2,0
45,4,96,2,1
45,5,96,2,1
45,6,96,1,2
45,7,95,2,2
45,8,95,1,3
45,9,93,3,3
45,10,93,3,3
45,11,91,5,3
45,12,89,7,3
45,13,82,13,4
45,14,77,18,4
45,15,70,23,6
45,16,63,27,9
45,17,52,35,12
45,18,44,41,14
45,19,35,44,20
45,20,29,45,25
45,21,21,51,27
45,22,16,53,30
45,23,10,51,38
45,24,8,47,44
45,25,6,47,46
45,26,5,43,51
45,27,3,40,56
45,28,3,37,59
45,29,2,34,63
45,30,1,30,68
45,31,1,28,70
45,32,1,27,71
45,33,1,24,74
45,34,1,21,77
45,35,1,19,79
45,36,1,16,82
45,37,1,14,84
45,38,1,13,85
45,39,1,13,85
45,40,1,12,86
45,41,1,11,87
45,42,1,10,88
45,43,1,9,89
45,44,1,9,89
45,45,1,9,89
45,46,0,10,89
45,47,0,10,89
45,48,0,9,90
45,49,0,9,90
45,50,0,8,91
45,51,0,8,91
45,52,0,7,92
45,53,0,6,93
45,54,0,5,94
45,55,0,5,94
45,56,0,4,95
45,57,0,4,95
45,58,0,3,96
45,59,0,3,96
45,60,0,3,96
46,0,85,5,0
46,1,81,9,0
46,2,79,10,1
46,3,75,13,2
46,4,67,20,3
46,5,60,27,3
46,6,50,35,5
46,7,34,48,8
46,8,28,50,12
46,9,25,48,17
46,10,18,50,22
46,11,16,48,26
46,12,14,44,32
46,13,13,42,35
46,14,6,46,38
46,15,4,43,43
46,16,4,37,49
46,17,2,33,55
46,18,1,34,55
46,19,1,30,59
46,20,1,26,63
46,21,1,24,65
46,22,1,19,70
46,23,1,17,72
46,24,1,14,75
46,25,1,13,76
46,26,1,13,76
46,27,1,13,76
46,28,1,12,77
46,29,1,10,79
46,30,1,7,82
46,31,1,7,82
46,32,1,7,82
46,33,1,7,82
46,34,1,7,82
46,35,1,6,83
46,36,1,5,84
46,37,1,5,84
46,38,1,4,85
46,39,1,4,85
46,40,1,3,86
46,41,1,3,86
46,42,1,3,86
46,43,1,2,87
46,44,1,1,88
46,45,1,1,88
46,46,1,1,88
46,47,1,1,88
46,48,1,1,88
46,49,1,1,88
46,50,1,1,88
46,51,1,1,88
46,52,1,1,88
46,53,1,1,88
46,54,1,1,88
46,55,1,1,88
46,56,1,1,88
46,57,1,1,88
46,58,1,1,88
46,59,1,1,88
46,60,1,1,88
47,0,96,5,0
47,1,96,5,0
47,2,94,7,0
47,3,90,10,1
47,4,86,12,3
47,5,80,17,4
47,6,76,21,4
47,7,74,21,6
47,8,66,29,6
47,9,58,37,6
47,10,50,40,11
47,11,40,46,15
47,12,30,51,20
47,13,23,49,29
47,14,17,52,32
47,15,15,48,38
47,16,14,44,43
47,17,13,40,48
47,18,11,35,55
47,19,10,33,58
47,20,8,33,60
47,21,5,33,63
47,22,4,28,69
47,23,3,25,73
47,24,3,20,78
47,25,2,17,82
47,26,2,14,85
47,27,1,14,86
47,28,1,14,86
47,29,0,15,86
47,30,0,12,89
47,31,0,11,90
47,32,0,10,91
47,33,0,9,92
47,34,0,8,93
47,35,0,5,96
47,36,0,1,100
47,37,0,0,101
47,38,0,0,101
47,39,0,0,101
47,40,0,0,101
47,41,0,0,101
47,42,0,0,101
47,43,0,0,101
47,44,0,0,101
47,45,0,0,101
47,46,0,0,101
47,47,0,0,101
47,48,0,0,101
47,49,0,0,101
47,50,0,0,101
47,51,0,0,101
47,52,0,0,101
47,53,0,0,101
47,54,0,0,101
47,55,0,0,101
47,56,0,0,101
47,57,0,0,101
47,58,0,0,101
47,59,0,0,101
47,60,0,0,101
48,0,72,4,0
48,1,71,5,0
48,2,71,5,0
48,3,67,9,0
48,4,61,15,0
48,5,55,18,3
48,6,50,20,6
48,7,44,21,11
48,8,39,26,11
48,9,31,32,13
48,10,27,32,17
48,11,21,38,17
48,12,16,37,23
48,13,11,39,26
48,14,11,34,31
48,15,10,34,32
48,16,9,33,34
48,17,7,31,38
48,18,7,25,44
48,19,7,21,48
48,20,5,19,52
48,21,5,19,52
48,22,5,18,53
48,23,4,19,53
48,24,4,17,55
48,25,3,17,56
48,26,3,16,57
48,27,2,11,63
48,28,1,12,63
48,29,1,10,65
48,30,1,9,66
48,31,1,9,66
48,32,1,9,66
48,33,1,9,66
48,34,1,9,66
48,35,1,9,66
48,36,1,8,67
48,37,1,5,70
48,38,1,4,71
48,39,1,3,72
48,40,1,2,73
48,41,1,2,73
48,42,1,2,73
48,43,1,2,73
48,44,1,2,73
48,45,1,2,73
48,46,1,2,73
48,47,1,2,73
48,48,1,2,73
48,49,1,1,74
48,50,1,1,74
48,51,1,1,74
48,52,1,1,74
48,53,1,1,74
48,54,1,1,74
48,55,1,1,74
48,56,1,1,74
48,57,1,1,74
48,58,1,1,74
48,59,1,1,74
48,60,1,1,74
49,0,65,5,0
49,1,62,8,0
49,2,55,12,3
49,3,52,15,3
49,4,49,13,8
49,5,45,16,9
49,6,43,15,12
49,7,38,20,12
49,8,36,22,12
49,9,30,25,15
49,10,25,28,17
49,11,19,32,19
49,12,14,35,21
49,13,12,32,26
49,14,8,34,28
49,15,7,32,31
49,16,6,31,33
49,17,5,27,38
49,18,5,23,42
49,19,5,22,43
49,20,5,21,44
49,21,4,19,47
49,22,3,19,48
49,23,3,17,50
49,24,2,16,52
49,25,2,14,54
49,26,1,13,56
49,27,1,13,56
49,28,1,11,58
49,29,1,10,59
49,30,1,9,60
49,31,1,8,61
49,32,1,5,64
49,33,1,4,65
49,34,1,4,65
49,35,1,3,66
49,36,1,3,66
49,37,1,3,66
49,38,1,3,66
49,39,1,2,67
49,40,1,2,67
49,41,1,1,68
49,42,1,1,68
49,43,1,0,69
49,44,1,0,69
49,45,1,0,69
49,46,1,0,69
49,47,1,0,69
49,48,1,0,69
49,49,1,0,69
49,50,1,0,69
49,51,1,0,69
49,52,1,0,69
49,53,1,0,69
49,54,1,0,69
49,55,1,0,69
49,56,1,0,69
49,57,1,0,69
49,58,1,0,69
49,59,1,0,69
49,60,1,0,69
50,0,63,5,0
50,1,61,6,1
50,2,58,9,1
50,3,53,14,1
50,4,51,12,5
50,5,45,18,5
50,6,41,21,6
50,7,35,26,7
50,8,26,31,11
50,9,24,30,14
50,10,20,30,18
50,11,18,30,20
50,12,15,31,22
50,13,12,30,26
50,14,9,28,31
50,15,8,27,33
50,16,6,27,35
50,17,5,25,38
50,18,4,25,39
50,19,4,22,42
50,20,4,20,44
50,21,4,18,46
50,22,4,15,49
50,23,3,12,53
50,24,2,11,55
50,25,2,9,57
50,26,1,9,58
50,27,1,8,59
50,28,1,7,60
50,29,1,7,60
50,30,1,7,60
50,31,1,7,60
50,32,1,7,60
50,33,1,6,61
50,34,1,5,62
50,35,1,4,63
50,36,1,4,63
50,37,1,4,63
50,38,1,4,63
50,39,1,4,63
50,40,1,4,63
50,41,1,3,64
50,42,1,3,64
50,43,1,3,64
50,44,1,3,64
50,45,1,3,64
50,46,1,3,64
50,47,1,2,65
50,48,1,2,65
50,49,1,2,65
50,50,1,2,65
50,51,1,2,65
50,52,1,2,65
50,53,1,2,65
50,54,0,3,65
50,55,0,1,67
50,56,0,1,67
50,57,0,1,67
50,58,0,1,67
50,59,0,1,67
50,60,0,1,67
51,0,85,1,0
51,1,84,2,0
51,2,83,3,0
51,3,79,6,1
51,4,76,9,1
51,5,71,14,1
51,6,69,15,2
51,7,61,22,3
51,8,53,24,9
51,9,43,30,13
51,10,35,35,16
51,11,28,40,18
51,12,25,37,24
51,13,20,40,26
51,14,18,38,30
51,15,15,37,34
51,16,14,34,38
51,17,12,33,41
51,18,12,31,43
51,19,11,29,46
51,20,11,27,48
51,21,8,27,51
51,22,7,26,53
51,23,6,24,56
51,24,6,20,60
51,25,5,19,62
51,26,4,20,62
51,27,2,19,65
51,28,2,19,65
51,29,2,18,66
51,30,2,16,68
51,31,2,14,70
51,32,2,12,72
51,33,2,9,75
51,34,2,8,76
51,35,2,7,77
51,36,2,6,78
51,37,2,5,79
51,38,2,4,80
51,39,2,4,80
51,40,2,4,80
51,41,2,2,82
51,42,2,2,82
51,43,2,2,82
51,44,2,1,83
51,45,2,1,83
51,46,2,1,83
51,47,2,0,84
51,48,2,0,84
51,49,2,0,84
51,50,2,0,84
51,51,2,0,84
51,52,2,0,84
51,53,2,0,84
51,54,2,0,84
51,55,2,0,84
51,56,2,0,84
51,57,2,0,84
51,58,2,0,84
51,59,2,0,84
51,60,2,0,84
52,0,95,4,0
52,1,92,7,0
52,2,88,10,1
52,3,86,10,3
52,4,84,12,3
52,5,80,15,4
52,6,75,20,4
52,7,62,32,5
52,8,49,40,10
52,9,41,44,14
52,10,33,48,18
52,11,27,51,21
52,12,21,51,27
52,13,18,50,31
52,14,15,47,37
52,15,12,47,40
52,16,10,44,45
52,17,8,43,48
52,18,6,42,51
52,19,5,39,55
52,20,5,33,61
52,21,4,30,65
52,22,4,29,66
52,23,4,24,71
52,24,3,24,72
52,25,2,20,77
52,26,2,17,80
52,27,2,15,82
52,28,2,11,86
52,29,2,11,86
52,30,2,10,87
52,31,2,9,88
52,32,1,10,88
52,33,1,9,89
52,34,1,8,90
52,35,1,7,91
52,36,1,7,91
52,37,1,7,91
52,38,1,6,92
52,39,1,6,92
52,40,1,4,94
52,41,1,2,96
52,42,0,3,96
52,43,0,3,96
52,44,0,3,96
52,45,0,3,96
52,46,0,3,96
52,47,0,2,97
52,48,0,2,97
52,49,0,1,98
52,50,0,1,98
52,51,0,1,98
52,52,0,1,98
52,53,0,1,98
52,54,0,1,98
52,55,0,0,99
52,56,0,0,99
52,57,0,0,99
52,58,0,0,99
52,59,0,0,99
52,60,0,0,99
53,0,100,5,0
53,1,97,7,1
53,2,93,10,2
53,3,87,14,4
53,4,81,20,4
53,5,76,24,5
53,6,72,22,11
53,7,65,27,13
53,8,61,30,14
53,9,53,36,16
53,10,46,38,21
53,11,41,38,26
53,12,33,43,29
53,13,26,45,34
53,14,18,49,38
53,15,14,48,43
53,16,14,41,50
53,17,14,30,61
53,18,13,27,65
53,19,12,24,69
53,20,9,25,71
53,21,8,22,75
53,22,7,20,78
53,23,6,19,80
53,24,6,17,82
53,25,6,16,83
53,26,6,15,84
53,27,5,13,87
53,28,5,13,87
53,29,5,13,87
53,30,5,11,89
53,31,3,11,91
53,32,3,11,91
53,33,3,11,91
53,34,3,9,93
53,35,2,10,93
53,36,2,7,96
53,37,2,7,96
53,38,2,7,96
53,39,2,7,96
53,40,2,5,98
53,41,2,3,100
53,42,2,3,100
53,43,2,2,101
53,44,2,2,101
53,45,2,2,101
53,46,2,2,101
53,47,2,2,101
53,48,2,2,101
53,49,2,1,102
53,50,2,1,102
53,51,2,1,102
53,52,2,1,102
53,53,2,1,102
53,54,2,0,103
53,55,2,0,103
53,56,2,0,103
53,57,2,0,103
53,58,2,0,103
53,59,2,0,103
53,60,2,0,103
54,0,72,5,0
54,1,68,9,0
54,2,65,11,1
54,3,61,15,1
54,4,54,17,6
54,5,46,25,6
54,6,42,25,10
54,7,39,25,13
54,8,32,28,17
54,9,30,28,19
54,10,26,27,24
54,11,20,32,25
54,12,15,33,29
54,13,14,31,32
54,14,9,34,34
54,15,8,33,36
54,16,5,35,37
54,17,5,34,38
54,18,4,30,43
54,19,4,27,46
54,20,4,25,48
54,21,4,25,48
54,22,4,20,53
54,23,4,19,54
54,24,3,15,59
54,25,3,14,60
54,26,2,14,61
54,27,1,14,62
54,28,1,13,63
54,29,1,12,64
54,30,1,12,64
54,31,1,8,68
54,32,1,8,68
54,33,1,7,69
54,34,1,6,70
54,35,1,5,71
54,36,1,5,71
54,37,1,4,72
54,38,1,3,73
54,39,1,3,73
54,40,1,3,73
54,41,1,3,73
54,42,1,3,73
54,43,1,3,73
54,44,1,3,73
54,45,1,3,73
54,46,1,3,73
54,47,1,3,73
54,48,1,3,73
54,49,1,3,73
54,50,1,3,73
54,51,1,3,73
54,52,1,3,73
54,53,1,2,74
54,54,1,2,74
54,55,1,2,74
54,56,1,2,74
54,57,1,2,74
54,58,1,2,74
54,59,1,2,74
54,60,1,2,74
55,0,97,3,0
55,1,96,4,0
55,2,96,3,1
55,3,95,4,1
55,4,95,4,1
55,5,94,5,1
55,6,91,7,2
55,7,88,8,4
55,8,87,8,5
55,9,84,11,5
55,10,78,15,7
55,11,75,14,11
55,12,68,19,13
55,13,60,26,14
55,14,53,33,14
55,15,38,45,17
55,16,30,47,23
55,17,26,48,26
55,18,20,50,30
55,19,16,48,36
55,20,14,48,38
55,21,13,46,41
55,22,11,44,45
55,23,8,45,47
55,24,7,44,49
55,25,7,38,55
55,26,5,32,63
55,27,4,30,66
55,28,4,26,70
55,29,3,24,73
55,30,3,22,75
55,31,2,20,78
55,32,2,20,78
55,33,2,15,83
55,34,2,14,84
55,35,2,14,84
55,36,2,13,85
55,37,1,12,87
55,38,0,11,89
55,39,0,11,89
55,40,0,10,90
55,41,0,10,90
55,42,0,10,90
55,43,0,10,90
55,44,0,9,91
55,45,0,9,91
55,46,0,9,91
55,47,0,8,92
55,48,0,6,94
55,49,0,6,94
55,50,0,6,94
55,51,0,5,95
55,52,0,5,95
55,53,0,4,96
55,54,0,4,96
55,55,0,4,96
55,56,0,4,96
55,57,0,4,96
55,58,0,3,97
55,59,0,1,99
55,60,0,1,99
56,0,92,2,0
56,1,90,4,0
56,2,88,6,0
56,3,85,9,0
56,4,80,14,0
56,5,69,21,4
56,6,64,26,4
56,7,58,32,4
56,8,52,35,7
56,9,43,39,12
56,10,34,41,19
56,11,24,50,20
56,12,21,50,23
56,13,15,54,25
56,14,10,55,29
56,15,7,48,39
56,16,6,46,42
56,17,3,45,46
56,18,3,40,51
56,19,3,36,55
56,20,1,35,58
56,21,1,31,62
56,22,0,27,67
56,23,0,24,70
56,24,0,22,72
56,25,0,21,73
56,26,0,20,74
56,27,0,18,76
56,28,0,16,78
56,29,0,15,79
56,30,0,15,79
56,31,0,14,80
56,32,0,14,80
56,33,0,14,80
56,34,0,13,81
56,35,0,11,83
56,36,0,9,85
56,37,0,9,85
56,38,0,6,88
56,39,0,6,88
56,40,0,5,89
56,41,0,5,89
56,42,0,4,90
56,43,0,4,90
56,44,0,4,90
56,45,0,4,90
56,46,0,4,90
56,47,0,4,90
56,48,0,4,90
56,49,0,3,91
56,50,0,3,91
56,51,0,3,91
56,52,0,2,92
56,53,0,2,92
56,54,0,0,94
56,55,0,0,94
56,56,0,0,94
56,57,0,0,94
56,58,0,0,94
56,59,0,0,94
56,60,0,0,94
57,0,65,4,0
57,1,64,5,0
57,2,62,7,0
57,3,60,9,0
57,4,52,16,1
57,5,48,19,2
57,6,41,25,3
57,7,32,34,3
57,8,25,39,5
57,9,20,36,13
57,10,11,38,20
57,11,9,37,23
57,12,8,35,26
57,13,6,35,28
57,14,6,31,32
57,15,6,29,34
57,16,6,27,36
57,17,4,26,39
57,18,4,24,41
57,19,4,24,41
57,20,3,23,43
57,21,3,22,44
57,22,3,18,48
57,23,2,17,50
57,24,2,14,53
57,25,2,13,54
57,26,2,10,57
57,27,2,9,58
57,28,2,8,59
57,29,1,8,60
57,30,1,7,61
57,31,1,6,62
57,32,1,6,62
57,33,1,6,62
57,34,1,5,63
57,35,1,4,64
57,36,1,4,64
57,37,1,3,65
57,38,1,3,65
57,39,1,3,65
57,40,1,3,65
57,41,1,3,65
57,42,1,3,65
57,43,1,3,65
57,44,1,3,65
57,45,1,3,65
57,46,1,3,65
57,47,1,3,65
57,48,1,2,66
57,49,1,2,66
57,50,1,2,66
57,51,1,2,66
57,52,1,2,66
57,53,1,2,66
57,54,1,2,66
57,55,1,2,66
57,56,1,2,66
57,57,1,2,66
57,58,1,2,66
57,59,1,2,66
57,60,1,2,66
58,0,86,2,0
58,1,84,4,0
58,2,84,3,1
58,3,84,3,1
58,4,83,3,2
58,5,81,5,2
58,6,75,11,2
58,7,74,12,2
58,8,70,16,2
58,9,64,20,4
58,10,60,21,7
58,11,56,25,7
58,12,47,33,8
58,13,40,33,15
58,14,34,36,18
58,15,25,43,20
58,16,17,47,24
58,17,13,47,28
58,18,8,45,35
58,19,7,42,39
58,20,5,41,42
58,21,3,36,49
58,22,2,31,55
58,23,1,29,58
58,24,1,27,60
58,25,1,25,62
58,26,1,21,66
58,27,1,18,69
58,28,1,13,74
58,29,1,11,76
58,30,1,8,79
58,31,1,6,81
58,32,1,4,83
58,33,1,4,83
58,34,1,4,83
58,35,1,4,83
58,36,1,3,84
58,37,1,3,84
58,38,1,2,85
58,39,1,2,85
58,40,1,2,85
58,41,1,2,85
58,42,1,2,85
58,43,1,2,85
58,44,1,2,85
58,45,1,2,85
58,46,1,2,85
58,47,1,2,85
58,48,1,1,86
58,49,1,1,86
58,50,1,1,86
58,51,1,1,86
58,52,1,1,86
58,53,1,1,86
58,54,1,1,86
58,55,1,1,86
58,56,1,1,86
58,57,1,1,86
58,58,1,1,86
58,59,1,1,86
58,60,1,1,86
59,0,86,1,0
59,1,86,1,0
59,2,86,1,0
59,3,84,3,0
59,4,83,4,0
59,5,83,3,1
59,6,80,4,3
59,7,74,9,4
59,8,70,12,5
59,9,63,19,5
59,10,56,25,6
59,11,47,32,8
59,12,39,37,11
59,13,31,41,15
59,14,25,43,19
59,15,21,42,24
59,16,18,42,27
59,17,12,42,33
59,18,9,39,39
59,19,8,36,43
59,20,4,39,44
59,21,3,34,50
59,22,3,29,55
59,23,3,25,59
59,24,3,23,61
59,25,3,21,63
59,26,3,18,66
59,27,3,15,69
59,28,3,13,71
59,29,3,13,71
59,30,3,12,72
59,31,2,12,73
59,32,1,12,74
59,33,1,12,74
59,34,1,11,75
59,35,1,11,75
59,36,1,10,76
59,37,1,9,77
59,38,1,7,79
59,39,1,7,79
59,40,1,7,79
59,41,1,7,79
59,42,1,6,80
59,43,1,6,80
59,44,1,4,82
59,45,1,4,82
59,46,1,2,84
59,47,1,1,85
59,48,1,1,85
59,49,1,1,85
59,50,1,1,85
59,51,1,1,85
59,52,1,1,85
59,53,1,1,85
59,54,1,1,85
59,55,1,1,85
59,56,1,1,85
59,57,1,0,86
59,58,1,0,86
59,59,1,0,86
59,60,1,0,86
60,0,60,4,0
60,1,58,5,1
60,2,56,5,3
60,3,54,6,4
60,4,54,5,5
60,5,49,9,6
60,6,46,11,7
60,7,38,18,8
60,8,34,20,10
60,9,28,23,13
60,10,25,21,18
60,11,22,22,20
60,12,18,23,23
60,13,17,23,24
60,14,14,23,27
60,15,11,26,27
60,16,10,26,28
60,17,10,23,31
60,18,7,24,33
60,19,6,23,35
60,20,3,25,36
60,21,3,21,40
60,22,3,21,40
60,23,3,17,44
60,24,1,18,45
60,25,1,15,48
60,26,1,13,50
60,27,1,11,52
60,28,1,10,53
60,29,1,9,54
60,30,1,8,55
60,31,1,6,57
60,32,1,5,58
60,33,1,5,58
60,34,0,6,58
60,35,0,6,58
60,36,0,6,58
60,37,0,6,58
60,38,0,5,59
60,39,0,5,59
60,40,0,5,59
60,41,0,4,60
60,42,0,4,60
60,43,0,3,61
60,44,0,1,63
60,45,0,0,64
60,46,0,0,64
60,47,0,0,64
60,48,0,0,64
60,49,0,0,64
60,50,0,0,64
60,51,0,0,64
60,52,0,0,64
60,53,0,0,64
60,54,0,0,64
60,55,0,0,64
60,56,0,0,64
60,57,0,0,64
60,58,0,0,64
60,59,0,0,64
60,60,0,0,64
61,0,86,2,0
61,1,86,1,1
61,2,86,1,1
61,3,86,1,1
61,4,86,1,1
61,5,86,1,1
61,6,85,2,1
61,7,84,3,1
61,8,81,6,1
61,9,76,11,1
61,10,71,16,1
61,11,65,18,5
61,12,60,23,5
61,13,55,22,11
61,14,50,21,17
61,15,44,25,19
61,16,40,26,22
61,17,37,28,23
61,18,33,29,26
61,19,30,28,30
61,20,26,28,34
61,21,19,32,37
61,22,17,28,43
61,23,15,24,49
61,24,13,24,51
61,25,12,21,55
61,26,11,22,55
61,27,11,19,58
61,28,11,16,61
61,29,11,15,62
61,30,8,17,63
61,31,8,13,67
61,32,8,12,68
61,33,8,10,70
61,34,8,8,72
61,35,8,7,73
61,36,7,7,74
61,37,7,7,74
61,38,6,8,74
61,39,5,9,74
61,40,5,8,75
61,41,4,9,75
61,42,4,5,79
61,43,4,4,80
61,44,4,4,80
61,45,4,4,80
61,46,4,4,80
61,47,4,4,80
61,48,4,4,80
61,49,4,3,81
61,50,4,3,81
61,51,4,3,81
61,52,4,3,81
61,53,4,1,83
61,54,4,0,84
61,55,4,0,84
61,56,4,0,84
61,57,4,0,84
61,58,4,0,84
61,59,4,0,84
61,60,4,0,84
62,0,96,3,0
62,1,95,4,0
62,2,92,7,0
62,3,89,10,0
62,4,83,15,1
62,5,80,17,2
62,6,75,20,4
62,7,67,27,5
62,8,58,33,8
62,9,54,34,11
62,10,49,36,14
62,11,44,36,19
62,12,34,42,23
62,13,31,42,26
62,14,28,42,29
62,15,21,46,32
62,16,15,48,36
62,17,12,45,42
62,18,9,43,47
62,19,7,40,52
62,20,6,38,55
62,21,5,35,59
62,22,4,31,64
62,23,4,31,64
62,24,3,29,67
62,25,3,27,69
62,26,3,26,70
62,27,3,25,71
62,28,2,23,74
62,29,2,19,78
62,30,2,19,78
62,31,2,15,82
62,32,2,12,85
62,33,2,12,85
62,34,2,12,85
62,35,2,10,87
62,36,2,9,88
62,37,2,9,88
62,38,2,9,88
62,39,2,8,89
62,40,2,8,89
62,41,2,8,89
62,42,2,6,91
62,43,2,6,91
62,44,2,5,92
62,45,2,5,92
62,46,2,4,93
62,47,2,4,93
62,48,2,3,94
62,49,2,3,94
62,50,2,3,94
62,51,2,2,95
62,52,2,2,95
62,53,2,2,95
62,54,2,2,95
62,55,2,2,95
62,56,2,2,95
62,57,2,2,95
62,58,2,2,95
62,59,2,2,95
62,60,2,2,95
63,0,73,3,0
63,1,72,4,0
63,2,72,4,0
63,3,70,5,1
63,4,68,5,3
63,5,67,6,3
63,6,63,9,4
63,7,62,9,5
63,8,58,12,6
63,9,51,18,7
63,10,49,20,7
63,11,44,24,8
63,12,37,25,14
63,13,29,30,17
63,14,27,31,18
63,15,25,29,22
63,16,23,28,25
63,17,19,29,28
63,18,18,27,31
63,19,17,25,34
63,20,13,26,37
63,21,10,26,40
63,22,10,23,43
63,23,8,23,45
63,24,5,23,48
63,25,5,20,51
63,26,5,16,55
63,27,5,12,59
63,28,4,12,60
63,29,4,11,61
63,30,4,11,61
63,31,4,8,64
63,32,4,7,65
63,33,4,7,65
63,34,4,6,66
63,35,4,5,67
63,36,4,5,67
63,37,4,4,68
63,38,4,3,69
63,39,4,3,69
63,40,4,3,69
63,41,4,2,70
63,42,4,2,70
63,43,4,2,70
63,44,4,2,70
63,45,4,2,70
63,46,4,2,70
63,47,4,2,70
63,48,4,2,70
63,49,4,2,70
63,50,4,2,70
63,51,4,2,70
63,52,4,2,70
63,53,4,2,70
63,54,4,2,70
63,55,4,1,71
63,56,4,1,71
63,57,4,0,72
63,58,4,0,72
63,59,4,0,72
63,60,4,0,72
64,0,59,1,0
64,1,57,3,0
64,2,57,3,0
64,3,55,5,0
64,4,55,5,0
64,5,50,10,0
64,6,48,11,1
64,7,41,17,2
64,8,33,24,3
64,9,26,30,4
64,10,23,28,9
64,11,19,30,11
64,12,15,34,11
64,13,14,33,13
64,14,10,34,16
64,15,5,32,23
64,16,4,31,25
64,17,3,30,27
64,18,3,25,32
64,19,1,23,36
64,20,1,18,41
64,21,1,16,43
64,22,1,12,47
64,23,1,12,47
64,24,1,10,49
64,25,1,10,49
64,26,1,10,49
64,27,1,10,49
64,28,1,10,49
64,29,1,9,50
64,30,1,9,50
64,31,1,7,52
64,32,1,7,52
64,33,0,7,53
64,34,0,6,54
64,35,0,6,54
64,36,0,6,54
64,37,0,6,54
64,38,0,5,55
64,39,0,4,56
64,40,0,4,56
64,41,0,3,57
64,42,0,3,57
64,43,0,3,57
64,44,0,3,57
64,45,0,3,57
64,46,0,3,57
64,47,0,3,57
64,48,0,3,57
64,49,0,3,57
64,50,0,2,58
64,51,0,2,58
64,52,0,2,58
64,53,0,2,58
64,54,0,2,58
64,55,0,2,58
64,56,0,1,59
64,57,0,1,59
64,58,0,1,59
64,59,0,1,59
64,60,0,1,59
65,0,83,1,0
65,1,83,1,0
65,2,81,3,0
65,3,81,3,0
65,4,80,4,0
65,5,78,6,0
65,6,72,11,1
65,7,67,16,1
65,8,60,20,4
65,9,47,31,6
65,10,40,36,8
65,11,32,40,12
65,12,22,44,18
65,13,17,47,20
65,14,13,45,26
65,15,11,41,32
65,16,9,41,34
65,17,8,40,36
65,18,7,37,40
65,19,6,38,40
65,20,5,36,43
65,21,4,32,48
65,22,4,29,51
65,23,4,25,55
65,24,3,23,58
65,25,3,20,61
65,26,3,17,64
65,27,3,15,66
65,28,2,14,68
65,29,2,13,69
65,30,2,13,69
65,31,1,12,71
65,32,1,9,74
65,33,1,6,77
65,34,1,6,77
65,35,1,6,77
65,36,1,6,77
65,37,1,6,77
65,38,1,6,77
65,39,1,5,78
65,40,1,3,80
65,41,1,2,81
65,42,1,2,81
65,43,1,2,81
65,44,1,2,81
65,45,1,2,81
65,46,1,2,81
65,47,1,2,81
65,48,1,2,81
65,49,1,2,81
65,50,1,2,81
65,51,1,1,82
65,52,1,1,82
65,53,1,1,82
65,54,1,1,82
65,55,1,1,82
65,56,1,0,83
65,57,1,0,83
65,58,1,0,83
65,59,1,0,83
65,60,1,0,83
66,0,97,2,0
66,1,96,2,1
66,2,93,5,1
66,3,91,6,2
66,4,91,5,3
66,5,90,6,3
66,6,88,7,4
66,7,86,8,5
66,8,85,9,5
66,9,81,11,7
66,10,76,15,8
66,11,70,18,11
66,12,62,25,12
66,13,57,27,15
66,14,47,33,19
66,15,36,41,22
66,16,32,41,26
66,17,26,43,30
66,18,22,43,34
66,19,18,42,39
66,20,13,41,45
66,21,7,43,49
66,22,6,40,53
66,23,4,39,56
66,24,3,37,59
66,25,1,35,63
66,26,1,29,69
66,27,1,27,71
66,28,1,25,73
66,29,1,25,73
66,30,1,21,77
66,31,1,18,80
66,32,1,17,81
66,33,1,16,82
66,34,1,15,83
66,35,1,12,86
66,36,1,12,86
66,37,1,10,88
66,38,1,9,89
66,39,1,9,89
66,40,1,9,89
66,41,1,7,91
66,42,1,5,93
66,43,1,4,94
66,44,1,4,94
66,45,1,3,95
66,46,1,3,95
66,47,1,2,96
66,48,1,2,96
66,49,1,2,96
66,50,1,2,96
66,51,1,2,96
66,52,1,2,96
66,53,1,2,96
66,54,1,2,96
66,55,1,2,96
66,56,1,2,96
66,57,1,1,97
66,58,1,1,97
66,59,1,1,97
66,60,1,1,97
67,0,60,2,0
67,1,59,3,0
67,2,59,3,0
67,3,58,3,1
67,4,55,6,1
67,5,54,7,1
67,6,52,9,1
67,7,48,12,2
67,8,44,15,3
67,9,39,20,3
67,10,36,21,5
67,11,30,26,6
67,12,23,30,9
67,13,18,32,12
67,14,13,30,19
67,15,10,30,22
67,16,7,27,28
67,17,4,29,29
67,18,2,30,30
67,19,2,30,30
67,20,1,28,33
67,21,0,26,36
67,22,0,23,39
67,23,0,23,39
67,24,0,19,43
67,25,0,16,46
67,26,0,14,48
67,27,0,13,49
67,28,0,12,50
67,29,0,10,52
67,30,0,10,52
67,31,0,10,52
67,32,0,10,52
67,33,0,9,53
67,34,0,9,53
67,35,0,7,55
67,36,0,7,55
67,37,0,5,57
67,38,0,4,58
67,39,0,4,58
67,40,0,4,58
67,41,0,4,58
67,42,0,3,59
67,43,0,3,59
67,44,0,3,59
67,45,0,3,59
67,46,0,2,60
67,47,0,2,60
67,48,0,2,60
67,49,0,1,61
67,50,0,1,61
67,51,0,1,61
67,52,0,1,61
67,53,0,1,61
67,54,0,1,61
67,55,0,1,61
67,56,0,1,61
67,57,0,1,61
67,58,0,1,61
67,59,0,1,61
67,60,0,1,61
68,0,90,1,0
68,1,90,1,0
68,2,90,0,1
68,3,90,0,1
68,4,90,0,1
68,5,90,0,1
68,6,90,0,1
68,7,90,0,1
68,8,90,0,1
68,9,90,0,1
68,10,90,0,1
68,11,90,0,1
68,12,90,0,1
68,13,90,0,1
68,14,90,0,1
68,15,90,0,1
68,16,90,0,1
68,17,90,0,1
68,18,90,0,1
68,19,90,0,1
68,20,90,0,1
68,21,90,0,1
68,22,90,0,1
68,23,90,0,1
68,24,90,0,1
68,25,90,0,1
68,26,90,0,1
68,27,90,0,1
68,28,90,0,1
68,29,90,0,1
68,30,90,0,1
68,31,90,0,1
68,32,90,0,1
68,33,90,0,1
68,34,90,0,1
68,35,90,0,1
68,36,90,0,1
68,37,90,0,1
68,38,90,0,1
68,39,90,0,1
68,40,90,0,1
68,41,90,0,1
68,42,90,0,1
68,43,90,0,1
68,44,90,0,1
68,45,90,0,1
68,46,90,0,1
68,47,90,0,1
68,48,90,0,1
68,49,90,0,1
68,50,90,0,1
68,51,90,0,1
68,52,90,0,1
68,53,90,0,1
68,54,90,0,1
68,55,90,0,1
68,56,90,0,1
68,57,90,0,1
68,58,90,0,1
68,59,90,0,1
68,60,90,0,1
69,0,88,5,0
69,1,82,11,0
69,2,77,14,2
69,3,71,19,3
69,4,67,18,8
69,5,62,22,9
69,6,60,22,11
69,7,51,29,13
69,8,40,39,14
69,9,35,39,19
69,10,25,46,22
69,11,19,49,25
69,12,17,46,30
69,13,12,46,35
69,14,10,41,42
69,15,10,35,48
69,16,7,34,52
69,17,6,32,55
69,18,6,28,59
69,19,5,27,61
69,20,3,26,64
69,21,3,25,65
69,22,2,24,67
69,23,2,22,69
69,24,1,23,69
69,25,1,21,71
69,26,1,17,75
69,27,1,16,76
69,28,1,15,77
69,29,1,15,77
69,30,1,14,78
69,31,1,12,80
69,32,1,11,81
69,33,1,11,81
69,34,1,11,81
69,35,1,9,83
69,36,1,9,83
69,37,1,9,83
69,38,1,7,85
69,39,1,7,85
69,40,1,7,85
69,41,1,7,85
69,42,1,6,86
69,43,1,6,86
69,44,1,6,86
69,45,1,4,88
69,46,1,2,90
69,47,1,2,90
69,48,1,1,91
69,49,1,1,91
69,50,1,1,91
69,51,1,1,91
69,52,1,0,92
69,53,1,0,92
69,54,1,0,92
69,55,1,0,92
69,56,1,0,92
69,57,1,0,92
69,58,1,0,92
69,59,1,0,92
69,60,1,0,92
70,0,74,4,0
70,1,74,3,1
70,2,73,4,1
70,3,69,6,3
70,4,66,7,5
70,5,61,12,5
70,6,57,16,5
70,7,54,17,7
70,8,45,24,9
70,9,35,33,10
70,10,30,37,11
70,11,23,42,13
70,12,16,46,16
70,13,13,45,20
70,14,9,45,24
70,15,6,45,27
70,16,3,43,32
70,17,3,42,33
70,18,3,38,37
70,19,2,34,42
70,20,1,29,48
70,21,0,29,49
70,22,0,26,52
70,23,0,22,56
70,24,0,20,58
70,25,0,18,60
70,26,0,16,62
70,27,0,15,63
70,28,0,14,64
70,29,0,14,64
70,30,0,11,67
70,31,0,11,67
70,32,0,11,67
70,33,0,11,67
70,34,0,11,67
70,35,0,10,68
70,36,0,9,69
70,37,0,8,70
70,38,0,7,71
70,39,0,6,72
70,40,0,5,73
70,41,0,4,74
70,42,0,3,75
70,43,0,3,75
70,44,0,2,76
70,45,0,2,76
70,46,0,1,77
70,47,0,1,77
70,48,0,1,77
70,49,0,1,77
70,50,0,1,77
70,51,0,1,77
70,52,0,1,77
70,53,0,1,77
70,54,0,1,77
70,55,0,1,77
70,56,0,1,77
70,57,0,1,77
70,58,0,0,78
70,59,0,0,78
70,60,0,0,78
71,0,63,4,0
71,1,61,6,0
71,2,60,7,0
71,3,56,9,2
71,4,52,13,2
71,5,45,19,3
71,6,40,23,4
71,7,32,28,7
71,8,27,31,9
71,9,20,34,13
71,10,15,36,16
71,11,10,38,19
71,12,6,37,24
71,13,3,38,26
71,14,2,38,27
71,15,1,38,28
71,16,1,33,33
71,17,1,29,37
71,18,0,27,40
71,19,0,21,46
71,20,0,19,48
71,21,0,18,49
71,22,0,17,50
71,23,0,16,51
71,24,0,15,52
71,25,0,14,53
71,26,0,12,55
71,27,0,11,56
71,28,0,11,56
71,29,0,10,57
71,30,0,10,57
71,31,0,8,59
71,32,0,5,62
71,33,0,5,62
71,34,0,5,62
71,35,0,5,62
71,36,0,5,62
71,37,0,5,62
71,38,0,5,62
71,39,0,4,63
71,40,0,3,64
71,41,0,2,65
71,42,0,2,65
71,43,0,2,65
71,44,0,2,65
71,45,0,2,65
71,46,0,2,65
71,47,0,2,65
71,48,0,2,65
71,49,0,2,65
71,50,0,2,65
71,51,0,2,65
71,52,0,2,65
71,53,0,2,65
71,54,0,2,65
71,55,0,1,66
71,56,0,1,66
71,57,0,1,66
71,58,0,1,66
71,59,0,1,66
71,60,0,1,66
72,0,61,5,0
72,1,59,6,1
72,2,57,7,2
72,3,54,10,2
72,4,46,18,2
72,5,39,23,4
72,6,30,30,6
72,7,24,34,8
72,8,19,36,11
72,9,14,37,15
72,10,11,35,20
72,11,10,31,25
72,12,7,31,28
72,13,7,27,32
72,14,6,25,35
72,15,6,22,38
72,16,6,22,38
72,17,5,18,43
72,18,3,19,44
72,19,2,19,45
72,20,2,18,46
72,21,2,16,48
72,22,2,15,49
72,23,1,12,53
72,24,1,10,55
72,25,1,9,56
72,26,1,9,56
72,27,1,8,57
72,28,1,8,57
72,29,1,6,59
72,30,1,5,60
72,31,1,4,61
72,32,1,4,61
72,33,1,4,61
72,34,1,3,62
72,35,1,1,64
72,36,1,1,64
72,37,1,0,65
72,38,1,0,65
72,39,1,0,65
72,40,1,0,65
72,41,1,0,65
72,42,1,0,65
72,43,1,0,65
72,44,1,0,65
72,45,1,0,65
72,46,1,0,65
72,47,1,0,65
72,48,1,0,65
72,49,1,0,65
72,50,1,0,65
72,51,1,0,65
72,52,1,0,65
72,53,1,0,65
72,54,1,0,65
72,55,1,0,65
72,56,1,0,65
72,57,1,0,65
72,58,1,0,65
72,59,1,0,65
72,60,1,0,65
73,0,75,4,0
73,1,68,11,0
73,2,65,12,2
73,3,59,17,3
73,4,56,20,3
73,5,48,26,5
73,6,43,31,5
73,7,35,36,8
73,8,25,43,11
73,9,21,44,14
73,10,17,44,18
73,11,10,50,19
73,12,9,44,26
73,13,7,40,32
73,14,3,41,35
73,15,1,42,36
73,16,1,37,41
73,17,1,33,45
73,18,0,32,47
73,19,0,30,49
73,20,0,27,52
73,21,0,24,55
73,22,0,24,55
73,23,0,22,57
73,24,0,19,60
73,25,0,17,62
73,26,0,16,63
73,27,0,16,63
73,28,0,16,63
73,29,0,14,65
73,30,0,14,65
73,31,0,14,65
73,32,0,14,65
73,33,0,13,66
73,34,0,10,69
73,35,0,10,69
73,36,0,9,70
73,37,0,8,71
73,38,0,8,71
73,39,0,7,72
73,40,0,7,72
73,41,0,5,74
73,42,0,5,74
73,43,0,5,74
73,44,0,4,75
73,45,0,4,75
73,46,0,4,75
73,47,0,4,75
73,48,0,3,76
73,49,0,3,76
73,50,0,3,76
73,51,0,3,76
73,52,0,3,76
73,53,0,3,76
73,54,0,3,76
73,55,0,2,77
73,56,0,2,77
73,57,0,2,77
73,58,0,2,77
73,59,0,2,77
73,60,0,1,78
74,0,76,2,0
74,1,75,3,0
74,2,73,4,1
74,3,72,5,1
74,4,69,7,2
74,5,61,15,2
74,6,54,20,4
74,7,49,24,5
74,8,44,26,8
74,9,38,25,15
74,10,34,28,16
74,11,32,26,20
74,12,27,26,25
74,13,22,28,28
74,14,20,27,31
74,15,19,26,33
74,16,16,25,37
74,17,15,26,37
74,18,9,30,39
74,19,7,30,41
74,20,4,31,43
74,21,4,25,49
74,22,3,21,54
74,23,3,19,56
74,24,3,18,57
74,25,3,18,57
74,26,3,14,61
74,27,3,12,63
74,28,3,11,64
74,29,3,10,65
74,30,3,9,66
74,31,3,8,67
74,32,3,7,68
74,33,3,7,68
74,34,3,7,68
74,35,3,7,68
74,36,2,8,68
74,37,1,7,70
74,38,1,6,71
74,39,1,5,72
74,40,1,5,72
74,41,1,5,72
74,42,1,4,73
74,43,1,4,73
74,44,1,4,73
74,45,1,3,74
74,46,1,3,74
74,47,1,3,74
74,48,1,3,74
74,49,1,3,74
74,50,1,2,75
74,51,1,2,75
74,52,1,2,75
74,53,1,1,76
74,54,1,1,76
74,55,1,1,76
74,56,1,1,76
74,57,1,0,77
74,58,1,0,77
74,59,1,0,77
74,60,1,0,77
75,0,69,4,0
75,1,66,7,0
75,2,61,12,0
75,3,56,17,0
75,4,50,21,2
75,5,46,24,3
75,6,38,28,7
75,7,32,33,8
75,8,28,35,10
75,9,23,36,14
75,10,19,34,20
75,11,17,35,21
75,12,13,35,25
75,13,10,36,27
75,14,9,31,33
75,15,8,29,36
75,16,6,31,36
75,17,6,27,40
75,18,5,25,43
75,19,5,23,45
75,20,2,23,48
75,21,2,19,52
75,22,2,16,55
75,23,2,15,56
75,24,2,13,58
75,25,2,12,59
75,26,2,11,60
75,27,1,12,60
75,28,1,11,61
75,29,1,9,63
75,30,1,9,63
75,31,1,8,64
75,32,1,7,65
75,33,1,6,66
75,34,1,6,66
75,35,1,6,66
75,36,1,6,66
75,37,1,6,66
75,38,1,6,66
75,39,1,6,66
75,40,1,6,66
75,41,0,6,67
75,42,0,5,68
75,43,0,4,69
75,44,0,3,70
75,45,0,3,70
75,46,0,3,70
75,47,0,3,70
75,48,0,3,70
75,49,0,3,70
75,50,0,1,72
75,51,0,1,72
75,52,0,1,72
75,53,0,1,72
75,54,0,1,72
75,55,0,0,73
75,56,0,0,73
75,57,0,0,73
75,58,0,0,73
75,59,0,0,73
75,60,0,0,73
76,0,60,2,0
76,1,57,5,0
76,2,56,6,0
76,3,54,8,0
76,4,51,11,0
76,5,46,15,1
76,6,42,18,2
76,7,39,19,4
76,8,35,22,5
76,9,32,24,6
76,10,26,25,11
76,11,20,29,13
76,12,18,28,16
76,13,18,25,19
76,14,16,24,22
76,15,10,28,24
76,16,8,28,26
76,17,7,29,26
76,18,6,26,30
76,19,5,24,33
76,20,5,20,37
76,21,4,19,39
76,22,4,16,42
76,23,4,14,44
76,24,4,11,47
76,25,4,10,48
76,26,3,9,50
76,27,3,9,50
76,28,3,9,50
76,29,3,8,51
76,30,3,8,51
76,31,3,6,53
76,32,3,6,53
76,33,2,6,54
76,34,2,6,54
76,35,2,5,55
76,36,2,3,57
76,37,2,3,57
76,38,2,2,58
76,39,2,1,59
76,40,2,1,59
76,41,2,1,59
76,42,2,1,59
76,43,2,1,59
76,44,2,1,59
76,45,2,1,59
76,46,2,1,59
76,47,2,1,59
76,48,2,1,59
76,49,2,1,59
76,50,2,0,60
76,51,2,0,60
76,52,2,0,60
76,53,2,0,60
76,54,2,0,60
76,55,2,0,60
76,56,2,0,60
76,57,2,0,60
76,58,2,0,60
76,59,2,0,60
76,60,2,0,60
77,0,81,2,0
77,1,79,4,0
77,2,76,7,0
77,3,73,10,0
77,4,70,12,1
77,5,63,19,1
77,6,61,19,3
77,7,56,21,6
77,8,50,22,11
77,9,43,26,14
77,10,33,32,18
77,11,27,36,20
77,12,17,43,23
77,13,15,41,27
77,14,13,37,33
77,15,12,34,37
77,16,11,32,40
77,17,11,29,43
77,18,8,31,44
77,19,7,29,47
77,20,7,24,52
77,21,7,20,56
77,22,6,19,58
77,23,5,19,59
77,24,4,19,60
77,25,4,19,60
77,26,3,18,62
77,27,3,17,63
77,28,3,17,63
77,29,2,17,64
77,30,0,16,67
77,31,0,14,69
77,32,0,13,70
77,33,0,10,73
77,34,0,9,74
77,35,0,9,74
77,36,0,9,74
77,37,0,9,74
77,38,0,8,75
77,39,0,7,76
77,40,0,6,77
77,41,0,4,79
77,42,0,4,79
77,43,0,4,79
77,44,0,3,80
77,45,0,3,80
77,46,0,3,80
77,47,0,3,80
77,48,0,1,82
77,49,0,1,82
77,50,0,1,82
77,51,0,1,82
77,52,0,1,82
77,53,0,1,82
77,54,0,1,82
77,55,0,1,82
77,56,0,1,82
77,57,0,1,82
77,58,0,1,82
77,59,0,1,82
77,60,0,1,82
78,0,95,5,0
78,1,92,8,0
78,2,88,11,1
78,3,87,11,2
78,4,82,14,4
78,5,77,19,4
78,6,68,27,5
78,7,59,35,6
78,8,48,42,10
78,9,37,50,13
78,10,31,52,17
78,11,28,48,24
78,12,19,56,25
78,13,12,60,28
78,14,11,56,33
78,15,9,55,36
78,16,4,50,46
78,17,4,47,49
78,18,4,45,51
78,19,3,43,54
78,20,1,39,60
78,21,1,33,66
78,22,1,28,71
78,23,0,25,75
78,24,0,24,76
78,25,0,21,79
78,26,0,21,79
78,27,0,20,80
78,28,0,19,81
78,29,0,15,85
78,30,0,12,88
78,31,0,11,89
78,32,0,10,90
78,33,0,8,92
78,34,0,8,92
78,35,0,6,94
78,36,0,6,94
78,37,0,5,95
78,38,0,4,96
78,39,0,3,97
78,40,0,3,97
78,41,0,3,97
78,42,0,3,97
78,43,0,2,98
78,44,0,2,98
78,45,0,2,98
78,46,0,2,98
78,47,0,2,98
78,48,0,2,98
78,49,0,2,98
78,50,0,2,98
78,51,0,2,98
78,52,0,2,98
78,53,0,2,98
78,54,0,2,98
78,55,0,2,98
78,56,0,2,98
78,57,0,2,98
78,58,0,2,98
78,59,0,2,98
78,60,0,2,98
79,0,82,4,0
79,1,80,6,0
79,2,75,11,0
79,3,68,16,2
79,4,62,19,5
79,5,49,28,9
79,6,43,32,11
79,7,39,33,14
79,8,30,38,18
79,9,21,42,23
79,10,20,41,25
79,11,14,45,27
79,12,11,40,35
79,13,10,34,42
79,14,7,36,43
79,15,7,34,45
79,16,6,34,46
79,17,5,33,48
79,18,4,33,49
79,19,4,31,51
79,20,4,28,54
79,21,4,25,57
79,22,4,25,57
79,23,3,24,59
79,24,2,25,59
79,25,2,25,59
79,26,1,22,63
79,27,1,21,64
79,28,1,20,65
79,29,1,18,67
79,30,1,15,70
79,31,1,12,73
79,32,1,11,74
79,33,1,11,74
79,34,1,7,78
79,35,1,5,80
79,36,1,4,81
79,37,1,4,81
79,38,1,4,81
79,39,1,4,81
79,40,1,3,82
79,41,1,3,82
79,42,1,3,82
79,43,1,3,82
79,44,1,3,82
79,45,1,3,82
79,46,1,3,82
79,47,1,3,82
79,48,1,2,83
79,49,1,2,83
79,50,1,2,83
79,51,1,2,83
79,52,1,1,84
79,53,1,0,85
79,54,1,0,85
79,55,1,0,85
79,56,1,0,85
79,57,1,0,85
79,58,1,0,85
79,59,1,0,85
79,60,1,0,85
80,0,87,5,0
80,1,86,5,1
80,2,80,10,2
80,3,77,13,2
80,4,70,19,3
80,5,64,23,5
80,6,52,31,9
80,7,44,39,9
80,8,38,42,12
80,9,29,51,12
80,10,18,56,18
80,11,14,56,22
80,12,13,50,29
80,13,10,48,34
80,14,6,46,40
80,15,2,44,46
80,16,1,36,55
80,17,0,34,58
80,18,0,32,60
80,19,0,29,63
80,20,0,27,65
80,21,0,24,68
80,22,0,23,69
80,23,0,22,70
80,24,0,19,73
80,25,0,17,75
80,26,0,15,77
80,27,0,13,79
80,28,0,13,79
80,29,0,12,80
80,30,0,11,81
80,31,0,11,81
80,32,0,9,83
80,33,0,5,87
80,34,0,4,88
80,35,0,4,88
80,36,0,2,90
80,37,0,2,90
80,38,0,2,90
80,39,0,2,90
80,40,0,2,90
80,41,0,2,90
80,42,0,2,90
80,43,0,1,91
80,44,0,1,91
80,45,0,1,91
80,46,0,1,91
80,47,0,1,91
80,48,0,1,91
80,49,0,1,91
80,50,0,1,91
80,51,0,1,91
80,52,0,1,91
80,53,0,1,91
80,54,0,1,91
80,55,0,1,91
80,56,0,1,91
80,57,0,1,91
80,58,0,1,91
80,59,0,1,91
80,60,0,1,91
81,0,67,5,0
81,1,66,6,0
81,2,62,9,1
81,3,60,9,3
81,4,56,13,3
81,5,54,13,5
81,6,48,18,6
81,7,44,20,8
81,8,41,23,8
81,9,34,27,11
81,10,27,30,15
81,11,25,27,20
81,12,18,29,25
81,13,14,29,29
81,14,12,27,33
81,15,10,27,35
81,16,7,27,38
81,17,6,27,39
81,18,6,24,42
81,19,5,24,43
81,20,4,21,47
81,21,3,19,50
81,22,3,17,52
81,23,1,17,54
81,24,1,16,55
81,25,0,11,61
81,26,0,10,62
81,27,0,9,63
81,28,0,7,65
81,29,0,6,66
81,30,0,5,67
81,31,0,5,67
81,32,0,5,67
81,33,0,5,67
81,34,0,5,67
81,35,0,5,67
81,36,0,5,67
81,37,0,5,67
81,38,0,5,67
81,39,0,5,67
81,40,0,5,67
81,41,0,5,67
81,42,0,5,67
81,43,0,4,68
81,44,0,4,68
81,45,0,4,68
81,46,0,3,69
81,47,0,2,70
81,48,0,2,70
81,49,0,2,70
81,50,0,2,70
81,51,0,2,70
81,52,0,2,70
81,53,0,2,70
81,54,0,2,70
81,55,0,2,70
81,56,0,2,70
81,57,0,1,71
81,58,0,1,71
81,59,0,0,72
81,60,0,0,72
82,0,79,1,0
82,1,79,1,0
82,2,78,2,0
82,3,77,3,0
82,4,75,5,0
82,5,72,8,0
82,6,68,12,0
82,7,66,14,0
82,8,59,19,2
82,9,54,20,6
82,10,47,26,7
82,11,43,22,15
82,12,41,22,17
82,13,36,23,21
82,14,31,25,24
82,15,27,26,27
82,16,22,28,30
82,17,20,27,33
82,18,18,27,35
82,19,15,30,35
82,20,13,29,38
82,21,11,28,41
82,22,8,26,46
82,23,7,23,50
82,24,7,22,51
82,25,7,21,52
82,26,6,19,55
82,27,5,20,55
82,28,5,17,58
82,29,5,17,58
82,30,4,16,60
82,31,4,14,62
82,32,4,14,62
82,33,3,14,63
82,34,3,11,66
82,35,3,10,67
82,36,3,8,69
82,37,3,7,70
82,38,2,6,72
82,39,2,5,73
82,40,2,5,73
82,41,2,5,73
82,42,2,5,73
82,43,2,5,73
82,44,2,5,73
82,45,2,4,74
82,46,2,4,74
82,47,2,4,74
82,48,2,4,74
82,49,2,4,74
82,50,2,4,74
82,51,2,4,74
82,52,1,5,74
82,53,1,4,75
82,54,1,4,75
82,55,1,4,75
82,56,1,3,76
82,57,1,3,76
82,58,1,3,76
82,59,1,3,76
82,60,1,3,76
83,0,84,2,0
83,1,83,2,1
83,2,83,2,1
83,3,83,1,2
83,4,82,2,2
83,5,81,2,3
83,6,81,2,3
83,7,80,3,3
83,8,79,4,3
83,9,77,6,3
83,10,74,8,4
83,11,69,13,4
83,12,64,17,5
83,13,58,22,6
83,14,49,28,9
83,15,46,29,11
83,16,40,31,15
83,17,34,33,19
83,18,28,33,25
83,19,21,36,29
83,20,19,37,30
83,21,14,39,33
83,22,12,39,35
83,23,10,36,40
83,24,7,32,47
83,25,4,31,51
83,26,2,31,53
83,27,2,27,57
83,28,1,27,58
83,29,1,23,62
83,30,1,21,64
83,31,1,17,68
83,32,1,15,70
83,33,1,14,71
83,34,1,13,72
83,35,1,13,72
83,36,1,12,73
83,37,1,9,76
83,38,1,9,76
83,39,1,7,78
83,40,1,6,79
83,41,1,5,80
83,42,1,4,81
83,43,1,4,81
83,44,1,3,82
83,45,1,3,82
83,46,1,3,82
83,47,1,3,82
83,48,1,3,82
83,49,1,3,82
83,50,1,3,82
83,51,1,3,82
83,52,1,3,82
83,53,1,3,82
83,54,1,2,83
83,55,1,2,83
83,56,1,2,83
83,57,1,1,84
83,58,1,1,84
83,59,1,1,84
83,60,1,1,84
84,0,65,1,0
84,1,65,0,1
84,2,65,0,1
84,3,65,0,1
84,4,65,0,1
84,5,65,0,1
84,6,65,0,1
84,7,65,0,1
84,8,65,0,1
84,9,65,0,1
84,10,65,0,1
84,11,65,0,1
84,12,65,0,1
84,13,65,0,1
84,14,65,0,1
84,15,65,0,1
84,16,65,0,1
84,17,65,0,1
84,18,65,0,1
84,19,65,0,1
84,20,65,0,1
84,21,65,0,1
84,22,65,0,1
84,23,65,0,1
84,24,65,0,1
84,25,65,0,1
84,26,65,0,1
84,27,65,0,1
84,28,65,0,1
84,29,65,0,1
84,30,65,0,1
84,31,65,0,1
84,32,65,0,1
84,33,65,0,1
84,34,65,0,1
84,35,65,0,1
84,36,65,0,1
84,37,65,0,1
84,38,65,0,1
84,39,65,0,1
84,40,65,0,1
84,41,65,0,1
84,42,65,0,1
84,43,65,0,1
84,44,65,0,1
84,45,65,0,1
84,46,65,0,1
84,47,65,0,1
84,48,65,0,1
84,49,65,0,1
84,50,65,0,1
84,51,65,0,1
84,52,65,0,1
84,53,65,0,1
84,54,65,0,1
84,55,65,0,1
84,56,65,0,1
84,57,65,0,1
84,58,65,0,1
84,59,65,0,1
84,60,65,0,1
85,0,96,3,0
85,1,90,8,1
85,2,85,12,2
85,3,75,21,3
85,4,71,23,5
85,5,67,20,12
85,6,63,24,12
85,7,61,24,14
85,8,58,24,17
85,9,53,27,19
85,10,50,28,21
85,11,45,31,23
85,12,38,33,28
85,13,33,34,32
85,14,25,39,35
85,15,22,35,42
85,16,20,34,45
85,17,19,33,47
85,18,17,28,54
85,19,15,25,59
85,20,10,29,60
85,21,9,24,66
85,22,7,23,69
85,23,7,22,70
85,24,4,21,74
85,25,4,16,79
85,26,4,14,81
85,27,3,12,84
85,28,3,10,86
85,29,3,8,88
85,30,3,7,89
85,31,3,7,89
85,32,3,6,90
85,33,3,5,91
85,34,3,3,93
85,35,3,2,94
85,36,3,2,94
85,37,3,2,94
85,38,3,2,94
85,39,3,2,94
85,40,3,2,94
85,41,3,2,94
85,42,3,2,94
85,43,3,2,94
85,44,3,2,94
85,45,3,1,95
85,46,2,2,95
85,47,2,1,96
85,48,2,1,96
85,49,2,1,96
85,50,2,1,96
85,51,2,1,96
85,52,2,0,97
85,53,2,0,97
85,54,2,0,97
85,55,2,0,97
85,56,2,0,97
85,57,2,0,97
85,58,2,0,97
85,59,2,0,97
85,60,2,0,97
86,0,97,2,0
86,1,96,3,0
86,2,95,3,1
86,3,94,4,1
86,4,93,5,1
86,5,90,8,1
86,6,87,11,1
86,7,83,14,2
86,8,78,18,3
86,9,70,24,5
86,10,61,28,10
86,11,53,35,11
86,12,45,39,15
86,13,34,44,21
86,14,31,42,26
86,15,21,49,29
86,16,18,50,31
86,17,13,52,34
86,18,8,51,40
86,19,6,47,46
86,20,6,43,50
86,21,5,36,58
86,22,4,33,62
86,23,4,32,63
86,24,4,27,68
86,25,3,27,69
86,26,3,23,73
86,27,3,22,74
86,28,3,19,77
86,29,2,17,80
86,30,1,15,83
86,31,1,12,86
86,32,1,12,86
86,33,1,11,87
86,34,1,11,87
86,35,1,10,88
86,36,1,8,90
86,37,1,8,90
86,38,1,8,90
86,39,1,6,92
86,40,1,6,92
86,41,1,6,92
86,42,1,6,92
86,43,1,5,93
86,44,1,4,94
86,45,1,4,94
86,46,1,3,95
86,47,1,3,95
86,48,1,3,95
86,49,1,3,95
86,50,1,3,95
86,51,1,3,95
86,52,1,3,95
86,53,1,2,96
86,54,1,1,97
86,55,1,0,98
86,56,1,0,98
86,57,1,0,98
86,58,1,0,98
86,59,1,0,98
86,60,1,0,98
87,0,91,1,0
87,1,90,2,0
87,2,89,3,0
87,3,88,4,0
87,4,86,6,0
87,5,81,11,0
87,6,74,17,1
87,7,63,27,2
87,8,52,34,6
87,9,47,35,10
87,10,37,42,13
87,11,28,47,17
87,12,22,48,22
87,13,18,49,25
87,14,15,45,32
87,15,12,46,34
87,16,8,41,43
87,17,6,39,47
87,18,5,38,49
87,19,3,39,50
87,20,1,37,54
87,21,1,34,57
87,22,0,32,60
87,23,0,29,63
87,24,0,25,67
87,25,0,22,70
87,26,0,22,70
87,27,0,19,73
87,28,0,17,75
87,29,0,15,77
87,30,0,10,82
87,31,0,9,83
87,32,0,8,84
87,33,0,7,85
87,34,0,4,88
87,35,0,4,88
87,36,0,4,88
87,37,0,4,88
87,38,0,3,89
87,39,0,3,89
87,40,0,3,89
87,41,0,3,89
87,42,0,3,89
87,43,0,3,89
87,44,0,3,89
87,45,0,2,90
87,46,0,2,90
87,47,0,2,90
87,48,0,2,90
87,49,0,2,90
87,50,0,2,90
87,51,0,1,91
87,52,0,1,91
87,53,0,1,91
87,54,0,1,91
87,55,0,1,91
87,56,0,1,91
87,57,0,1,91
87,58,0,1,91
87,59,0,1,91
87,60,0,1,91
88,0,95,4,0
88,1,89,9,1
88,2,88,10,1
88,3,81,16,2
88,4,75,22,2
88,5,64,31,4
88,6,57,36,6
88,7,47,40,12
88,8,37,45,17
88,9,25,56,18
88,10,16,58,25
88,11,13,56,30
88,12,13,46,40
88,13,11,45,43
88,14,7,43,49
88,15,6,42,51
88,16,6,38,55
88,17,5,38,56
88,18,5,34,60
88,19,5,29,65
88,20,5,22,72
88,21,4,23,72
88,22,4,21,74
88,23,4,19,76
88,24,4,16,79
88,25,4,15,80
88,26,3,14,82
88,27,3,10,86
88,28,3,7,89
88,29,3,5,91
88,30,3,4,92
88,31,3,3,93
88,32,3,2,94
88,33,3,2,94
88,34,3,2,94
88,35,3,2,94
88,36,3,2,94
88,37,3,1,95
88,38,3,1,95
88,39,3,1,95
88,40,3,1,95
88,41,3,1,95
88,42,3,1,95
88,43,3,1,95
88,44,3,1,95
88,45,3,1,95
88,46,3,1,95
88,47,3,1,95
88,48,3,1,95
88,49,3,1,95
88,50,3,1,95
88,51,3,1,95
88,52,3,1,95
88,53,3,1,95
88,54,3,0,96
88,55,3,0,96
88,56,3,0,96
88,57,3,0,96
88,58,3,0,96
88,59,3,0,96
88,60,3,0,96
89,0,51,3,0
89,1,51,2,1
89,2,51,1,2
89,3,49,3,2
89,4,47,5,2
89,5,45,7,2
89,6,39,12,3
89,7,36,11,7
89,8,33,14,7
89,9,33,14,7
89,10,27,18,9
89,11,21,23,10
89,12,16,26,12
89,13,10,29,15
89,14,8,25,21
89,15,6,24,24
89,16,5,21,28
89,17,5,21,28
89,18,5,21,28
89,19,5,18,31
89,20,5,16,33
89,21,5,16,33
89,22,4,15,35
89,23,3,16,35
89,24,2,15,37
89,25,2,15,37
89,26,2,14,38
89,27,2,13,39
89,28,2,12,40
89,29,2,12,40
89,30,2,12,40
89,31,2,12,40
89,32,2,12,40
89,33,1,11,42
89,34,1,10,43
89,35,0,11,43
89,36,0,11,43
89,37,0,11,43
89,38,0,9,45
89,39,0,5,49
89,40,0,5,49
89,41,0,5,49
89,42,0,5,49
89,43,0,5,49
89,44,0,5,49
89,45,0,5,49
89,46,0,4,50
89,47,0,4,50
89,48,0,3,51
89,49,0,2,52
89,50,0,2,52
89,51,0,2,52
89,52,0,2,52
89,53,0,2,52
89,54,0,2,52
89,55,0,1,53
89,56,0,1,53
89,57,0,1,53
89,58,0,1,53
89,59,0,1,53
89,60,0,1,53
90,0,58,2,0
90,1,58,2,0
90,2,58,2,0
90,3,56,4,0
90,4,54,6,0
90,5,52,7,1
90,6,51,7,2
90,7,46,12,2
90,8,43,14,3
90,9,41,12,7
90,10,39,11,10
90,11,37,13,10
90,12,36,12,12
90,13,32,15,13
90,14,25,22,13
90,15,21,26,13
90,16,15,30,15
90,17,15,27,18
90,18,11,29,20
90,19,6,30,24
90,20,5,30,25
90,21,5,26,29
90,22,5,22,33
90,23,5,22,33
90,24,5,21,34
90,25,5,19,36
90,26,4,18,38
90,27,4,13,43
90,28,4,11,45
90,29,4,10,46
90,30,3,11,46
90,31,3,10,47
90,32,3,10,47
90,33,3,9,48
90,34,3,8,49
90,35,3,7,50
90,36,3,6,51
90,37,3,6,51
90,38,3,6,51
90,39,3,4,53
90,40,3,4,53
90,41,2,4,54
90,42,2,4,54
90,43,2,3,55
90,44,2,3,55
90,45,2,3,55
90,46,2,3,55
90,47,2,2,56
90,48,2,2,56
90,49,2,2,56
90,50,2,0,58
90,51,2,0,58
90,52,2,0,58
90,53,2,0,58
90,54,2,0,58
90,55,2,0,58
90,56,2,0,58
90,57,2,0,58
90,58,2,0,58
90,59,2,0,58
90,60,2,0,58
91,0,96,5,0
91,1,96,3,2
91,2,94,5,2
91,3,92,5,4
91,4,89,8,4
91,5,85,11,5
91,6,80,16,5
91,7,75,21,5
91,8,70,24,7
91,9,66,23,12
91,10,61,23,17
91,11,55,25,21
91,12,47,32,22
91,13,40,36,25
91,14,34,40,27
91,15,29,44,28
91,16,27,40,34
91,17,22,42,37
91,18,20,43,38
91,19,17,43,41
91,20,10,43,48
91,21,10,39,52
91,22,8,37,56
91,23,3,38,60
91,24,2,37,62
91,25,1,35,65
91,26,1,31,69
91,27,1,29,71
91,28,1,26,74
91,29,1,23,77
91,30,1,22,78
91,31,0,23,78
91,32,0,18,83
91,33,0,16,85
91,34,0,12,89
91,35,0,11,90
91,36,0,10,91
91,37,0,8,93
91,38,0,7,94
91,39,0,6,95
91,40,0,5,96
91,41,0,4,97
91,42,0,4,97
91,43,0,4,97
91,44,0,2,99
91,45,0,2,99
91,46,0,2,99
91,47,0,1,100
91,48,0,0,101
91,49,0,0,101
91,50,0,0,101
91,51,0,0,101
91,52,0,0,101
91,53,0,0,101
91,54,0,0,101
91,55,0,0,101
91,56,0,0,101
91,57,0,0,101
91,58,0,0,101
91,59,0,0,101
91,60,0,0,101
92,0,68,1,0
92,1,68,1,0
92,2,68,1,0
92,3,68,1,0
92,4,68,1,0
92,5,68,0,1
92,6,68,0,1
92,7,68,0,1
92,8,68,0,1
92,9,68,0,1
92,10,68,0,1
92,11,68,0,1
92,12,68,0,1
92,13,68,0,1
92,14,68,0,1
92,15,68,0,1
92,16,68,0,1
92,17,68,0,1
92,18,68,0,1
92,19,68,0,1
92,20,68,0,1
92,21,68,0,1
92,22,68,0,1
92,23,68,0,1
92,24,68,0,1
92,25,68,0,1
92,26,68,0,1
92,27,68,0,1
92,28,68,0,1
92,29,68,0,1
92,30,68,0,1
92,31,68,0,1
92,32,68,0,1
92,33,68,0,1
92,34,68,0,1
92,35,68,0,1
92,36,68,0,1
92,37,68,0,1
92,38,68,0,1
92,39,68,0,1
92,40,68,0,1
92,41,68,0,1
92,42,68,0,1
92,43,68,0,1
92,44,68,0,1
92,45,68,0,1
92,46,68,0,1
92,47,68,0,1
92,48,68,0,1
92,49,68,0,1
92,50,68,0,1
92,51,68,0,1
92,52,68,0,1
92,53,68,0,1
92,54,68,0,1
92,55,68,0,1
92,56,68,0,1
92,57,68,0,1
92,58,68,0,1
92,59,68,0,1
92,60,68,0,1
93,0,87,5,0
93,1,85,5,2
93,2,84,6,2
93,3,83,6,3
93,4,80,9,3
93,5,76,11,5
93,6,72,14,6
93,7,67,18,7
93,8,57,26,9
93,9,48,33,11
93,10,36,39,17
93,11,27,48,17
93,12,23,49,20
93,13,21,44,27
93,14,16,43,33
93,15,10,46,36
93,16,5,48,39
93,17,2,47,43
93,18,1,45,46
93,19,1,41,50
93,20,0,40,52
93,21,0,36,56
93,22,0,34,58
93,23,0,31,61
93,24,0,25,67
93,25,0,24,68
93,26,0,22,70
93,27,0,19,73
93,28,0,19,73
93,29,0,16,76
93,30,0,15,77
93,31,0,12,80
93,32,0,11,81
93,33,0,8,84
93,34,0,6,86
93,35,0,5,87
93,36,0,5,87
93,37,0,4,88
93,38,0,3,89
93,39,0,3,89
93,40,0,2,90
93,41,0,2,90
93,42,0,2,90
93,43,0,2,90
93,44,0,2,90
93,45,0,2,90
93,46,0,1,91
93,47,0,1,91
93,48,0,1,91
93,49,0,0,92
93,50,0,0,92
93,51,0,0,92
93,52,0,0,92
93,53,0,0,92
93,54,0,0,92
93,55,0,0,92
93,56,0,0,92
93,57,0,0,92
93,58,0,0,92
93,59,0,0,92
93,60,0,0,92
94,0,52,1,0
94,1,52,1,0
94,2,52,1,0
94,3,52,1,0
94,4,52,0,1
94,5,52,0,1
94,6,52,0,1
94,7,52,0,1
94,8,52,0,1
94,9,52,0,1
94,10,52,0,1
94,11,52,0,1
94,12,52,0,1
94,13,52,0,1
94,14,52,0,1
94,15,52,0,1
94,16,52,0,1
94,17,52,0,1
94,18,52,0,1
94,19,52,0,1
94,20,52,0,1
94,21,52,0,1
94,22,52,0,1
94,23,52,0,1
94,24,52,0,1
94,25,52,0,1
94,26,52,0,1
94,27,52,0,1
94,28,52,0,1
94,29,52,0,1
94,30,52,0,1
94,31,52,0,1
94,32,52,0,1
94,33,52,0,1
94,34,52,0,1
94,35,52,0,1
94,36,52,0,1
94,37,52,0,1
94,38,52,0,1
94,39,52,0,1
94,40,52,0,1
94,41,52,0,1
94,42,52,0,1
94,43,52,0,1
94,44,52,0,1
94,45,52,0,1
94,46,52,0,1
94,47,52,0,1
94,48,52,0,1
94,49,52,0,1
94,50,52,0,1
94,51,52,0,1
94,52,52,0,1
94,53,52,0,1
94,54,52,0,1
94,55,52,0,1
94,56,52,0,1
94,57,52,0,1
94,58,52,0,1
94,59,52,0,1
94,60,52,0,1
95,0,94,5,0
95,1,88,8,3
95,2,85,9,5
95,3,79,15,5
95,4,71,23,5
95,5,62,30,7
95,6,53,38,8
95,7,39,49,11
95,8,33,50,16
95,9,25,52,22
95,10,19,55,25
95,11,14,54,31
95,12,11,52,36
95,13,10,45,44
95,14,9,41,49
95,15,8,38,53
95,16,6,35,58
95,17,6,33,60
95,18,5,31,63
95,19,5,29,65
95,20,3,26,70
95,21,2,23,74
95,22,2,20,77
95,23,1,21,77
95,24,1,20,78
95,25,1,20,78
95,26,0,19,80
95,27,0,18,81
95,28,0,15,84
95,29,0,15,84
95,30,0,15,84
95,31,0,13,86
95,32,0,13,86
95,33,0,10,89
95,34,0,9,90
95,35,0,9,90
95,36,0,8,91
95,37,0,7,92
95,38,0,7,92
95,39,0,6,93
95,40,0,6,93
95,41,0,5,94
95,42,0,5,94
95,43,0,5,94
95,44,0,5,94
95,45,0,3,96
95,46,0,3,96
95,47,0,3,96
95,48,0,3,96
95,49,0,1,98
95,50,0,1,98
95,51,0,1,98
95,52,0,1,98
95,53,0,0,99
95,54,0,0,99
95,55,0,0,99
95,56,0,0,99
95,57,0,0,99
95,58,0,0,99
95,59,0,0,99
95,60,0,0,99
96,0,64,3,0
96,1,61,6,0
96,2,55,12,0
96,3,51,16,0
96,4,47,18,2
96,5,40,23,4
96,6,36,23,8
96,7,31,26,10
96,8,24,31,12
96,9,17,36,14
96,10,12,39,16
96,11,10,36,21
96,12,7,35,25
96,13,5,32,30
96,14,3,31,33
96,15,3,26,38
96,16,2,19,46
96,17,2,18,47
96,18,2,16,49
96,19,1,17,49
96,20,1,14,52
96,21,1,12,54
96,22,1,11,55
96,23,1,11,55
96,24,1,10,56
96,25,0,11,56
96,26,0,9,58
96,27,0,8,59
96,28,0,7,60
96,29,0,7,60
96,30,0,7,60
96,31,0,6,61
96,32,0,5,62
96,33,0,4,63
96,34,0,4,63
96,35,0,4,63
96,36,0,4,63
96,37,0,3,64
96,38,0,3,64
96,39,0,3,64
96,40,0,3,64
96,41,0,1,66
96,42,0,1,66
96,43,0,1,66
96,44,0,1,66
96,45,0,1,66
96,46,0,1,66
96,47,0,1,66
96,48,0,1,66
96,49,0,1,66
96,50,0,1,66
96,51,0,1,66
96,52,0,1,66
96,53,0,1,66
96,54,0,0,67
96,55,0,0,67
96,56,0,0,67
96,57,0,0,67
96,58,0,0,67
96,59,0,0,67
96,60,0,0,67
97,0,98,3,0
97,1,95,6,0
97,2,91,7,3
97,3,89,9,3
97,4,83,15,3
97,5,80,16,5
97,6,71,24,6
97,7,64,28,9
97,8,57,32,12
97,9,53,33,15
97,10,44,36,21
97,11,33,43,25
97,12,26,45,30
97,13,24,40,37
97,14,22,37,42
97,15,17,40,44
97,16,14,38,49
97,17,13,35,53
97,18,11,36,54
97,19,10,35,56
97,20,7,37,57
97,21,7,33,61
97,22,6,34,61
97,23,5,31,65
97,24,5,30,66
97,25,5,26,70
97,26,5,23,73
97,27,5,21,75
97,28,5,17,79
97,29,5,13,83
97,30,3,14,84
97,31,3,9,89
97,32,3,8,90
97,33,3,7,91
97,34,3,6,92
97,35,3,6,92
97,36,3,6,92
97,37,3,5,93
97,38,3,5,93
97,39,3,5,93
97,40,3,4,94
97,41,3,4,94
97,42,3,4,94
97,43,3,4,94
97,44,3,4,94
97,45,3,4,94
97,46,3,3,95
97,47,3,2,96
97,48,3,2,96
97,49,3,2,96
97,50,3,2,96
97,51,3,2,96
97,52,3,2,96
97,53,3,2,96
97,54,3,2,96
97,55,3,2,96
97,56,3,2,96
97,57,3,2,96
97,58,3,2,96
97,59,3,2,96
97,60,3,1,97
98,0,98,1,0
98,1,98,1,0
98,2,98,1,0
98,3,96,3,0
98,4,96,1,2
98,5,95,2,2
98,6,95,2,2
98,7,91,6,2
98,8,87,9,3
98,9,84,11,4
98,10,76,18,5
98,11,71,22,6
98,12,64,28,7
98,13,62,24,13
98,14,55,28,16
98,15,49,30,20
98,16,40,38,21
98,17,32,41,26
98,18,27,39,33
98,19,23,38,38
98,20,21,38,40
98,21,17,39,43
98,22,14,38,47
98,23,10,39,50
98,24,8,40,51
98,25,5,39,55
98,26,3,37,59
98,27,2,36,61
98,28,2,33,64
98,29,2,31,66
98,30,2,30,67
98,31,2,29,68
98,32,2,22,75
98,33,2,19,78
98,34,2,16,81
98,35,2,16,81
98,36,2,16,81
98,37,2,16,81
98,38,2,15,82
98,39,2,13,84
98,40,2,12,85
98,41,2,11,86
98,42,2,9,88
98,43,2,9,88
98,44,2,6,91
98,45,1,7,91
98,46,1,3,95
98,47,1,3,95
98,48,1,3,95
98,49,0,4,95
98,50,0,4,95
98,51,0,4,95
98,52,0,4,95
98,53,0,3,96
98,54,0,3,96
98,55,0,3,96
98,56,0,3,96
98,57,0,3,96
98,58,0,2,97
98,59,0,2,97
98,60,0,2,97
99,0,80,2,0
99,1,79,3,0
99,2,78,3,1
99,3,77,4,1
99,4,74,6,2
99,5,73,7,2
99,6,68,12,2
99,7,63,17,2
99,8,59,19,4
99,9,53,22,7
99,10,46,26,10
99,11,41,28,13
99,12,38,30,14
99,13,30,35,17
99,14,22,39,21
99,15,20,39,23
99,16,12,43,27
99,17,11,43,28
99,18,9,42,31
99,19,7,41,34
99,20,6,37,39
99,21,5,35,42
99,22,5,32,45
99,23,4,30,48
99,24,4,24,54
99,25,3,22,57
99,26,3,19,60
99,27,3,16,63
99,28,3,14,65
99,29,3,14,65
99,30,3,10,69
99,31,3,10,69
99,32,3,9,70
99,33,3,6,73
99,34,2,5,75
99,35,2,5,75
99,36,2,5,75
99,37,2,4,76
99,38,1,5,76
99,39,1,5,76
99,40,1,5,76
99,41,1,4,77
99,42,1,3,78
99,43,1,1,80
99,44,1,1,80
99,45,1,0,81
99,46,1,0,81
99,47,1,0,81
99,48,1,0,81
99,49,1,0,81
99,50,1,0,81
99,51,1,0,81
99,52,1,0,81
99,53,1,0,81
99,54,1,0,81
99,55,1,0,81
99,56,1,0,81
99,57,1,0,81
99,58,1,0,81
99,59,1,0,81
99,60,1,0,81
